Country Code,Country,Year,Conflict_IDP,Disaster_IDP,InternalDisplacement_Total
AB9,Abyei Area,2024,21000.0,15000.0,36000.0
AFG,Afghanistan,2024,3200.0,1017000.0,1020200.0
AGO,Angola,2024,,85000.0,85000.0
ALB,Albania,2024,,9.0,9.0
AND,Andorra,2024,,5.0,5.0
ARE,United Arab Emirates,2024,,2100.0,2100.0
ARG,Argentina,2024,,14000.0,14000.0
ARM,Armenia,2024,,520.0,520.0
AUS,Australia,2024,,32000.0,32000.0
AUT,Austria,2024,,4000.0,4000.0
AZE,Azerbaijan,2024,,100.0,100.0
BDI,Burundi,2024,360.0,60000.0,60360.0
BEL,Belgium,2024,,49.0,49.0
BEN,Benin,2024,,3700.0,3700.0
BFA,Burkina Faso,2024,380000.0,4000.0,384000.0
BGD,Bangladesh,2024,2800.0,2402000.0,2404800.0
BGR,Bulgaria,2024,,790.0,790.0
BHS,Bahamas,2024,,30.0,30.0
BIH,Bosnia and Herzegovina,2024,,460.0,460.0
BLR,Belarus,2024,,440.0,440.0
BLZ,Belize,2024,,2700.0,2700.0
BOL,Bolivia,2024,,18000.0,18000.0
BRA,Brazil,2024,19000.0,1124000.0,1143000.0
BRB,Barbados,2024,,400.0,400.0
BTN,Bhutan,2024,,160.0,160.0
BWA,Botswana,2024,,1000.0,1000.0
CAF,Central African Republic,2024,94000.0,19000.0,113000.0
CAN,Canada,2024,,45000.0,45000.0
CHE,Switzerland,2024,,1100.0,1100.0
CHL,Chile,2024,,13000.0,13000.0
CHN,China,2024,,3926000.0,3926000.0
CIV,Côte d'Ivoire,2024,,2600.0,2600.0
CMR,Cameroon,2024,93000.0,261000.0,354000.0
COD,Dem. Rep. Congo,2024,5333000.0,750000.0,6083000.0
COL,Colombia,2024,388000.0,91000.0,479000.0
COM,Comoros,2024,11.0,1000.0,1011.0
CRI,Costa Rica,2024,,6000.0,6000.0
CUB,Cuba,2024,,480000.0,480000.0
CYM,Cayman Islands,2024,,110.0,110.0
CYP,Cyprus,2024,,1500.0,1500.0
CZE,Czech Republic,2024,,22000.0,22000.0
DEU,Germany,2024,,7000.0,7000.0
DJI,Djibouti,2024,,430.0,430.0
DNK,Denmark,2024,,8.0,8.0
DOM,Dominican Republic,2024,,3800.0,3800.0
DZA,Algeria,2024,,15000.0,15000.0
ECU,Ecuador,2024,101000.0,4400.0,105400.0
ESP,Spain,2024,,14000.0,14000.0
ETH,Ethiopia,2024,387000.0,227000.0,614000.0
FIN,Finland,2024,,11.0,11.0
FJI,Fiji,2024,,760.0,760.0
FRA,France,2024,,4000.0,4000.0
GAB,Gabon,2024,,18.0,18.0
GBR,United Kingdom,2024,,1500.0,1500.0
GEO,Georgia,2024,,300.0,300.0
GHA,Ghana,2024,,1800.0,1800.0
GIN,Guinea,2024,,5200.0,5200.0
GMB,Gambia,2024,,7500.0,7500.0
GNB,Guinea-Bissau,2024,,1000.0,1000.0
GRC,Greece,2024,,60000.0,60000.0
GRD,Grenada,2024,,3100.0,3100.0
GTM,Guatemala,2024,550.0,81000.0,81550.0
GUY,Guyana,2024,,32.0,32.0
HKG,"Hong Kong, China",2024,,390.0,390.0
HND,Honduras,2024,4300.0,20000.0,24300.0
HRV,Croatia,2024,,7.0,7.0
HTI,Haiti,2024,889000.0,4800.0,893800.0
HUN,Hungary,2024,,8.0,8.0
IDN,Indonesia,2024,14000.0,516000.0,530000.0
IND,India,2024,1700.0,5431000.0,5432700.0
IRL,Ireland,2024,,7.0,7.0
IRN,Iran,2024,,26000.0,26000.0
IRQ,Iraq,2024,23000.0,46000.0,69000.0
ISL,Iceland,2024,,390.0,390.0
ISR,Israel,2024,740.0,,740.0
ITA,Italy,2024,,9400.0,9400.0
JAM,Jamaica,2024,,1800.0,1800.0
JPN,Japan,2024,,110000.0,110000.0
KAZ,Kazakhstan,2024,,120000.0,120000.0
KEN,Kenya,2024,38000.0,314000.0,352000.0
KGZ,Kyrgyzstan,2024,,4700.0,4700.0
KHM,Cambodia,2024,,11000.0,11000.0
KOR,Korea,2024,,11000.0,11000.0
LAO,Lao PDR,2024,,3400.0,3400.0
LBN,Lebanon,2024,1056000.0,2400.0,1058400.0
LBR,Liberia,2024,,22000.0,22000.0
LBY,Libya,2024,340.0,13000.0,13340.0
LCA,St. Lucia,2024,,27.0,27.0
LKA,Sri Lanka,2024,,84000.0,84000.0
LTU,Lithuania,2024,,4.0,4.0
LVA,Latvia,2024,,6.0,6.0
MAR,Morocco,2024,,270.0,270.0
MDA,Moldova,2024,,170.0,170.0
MDG,Madagascar,2024,180.0,59000.0,59180.0
MDV,Maldives,2024,,240.0,240.0
MEX,Mexico,2024,26000.0,53000.0,79000.0
MHL,Marshall Islands,2024,,320.0,320.0
MKD,North Macedonia,2024,,2.0,2.0
MLI,Mali,2024,131000.0,30000.0,161000.0
MMR,Myanmar,2024,1232000.0,525000.0,1757000.0
MNG,Mongolia,2024,,890.0,890.0
MOZ,Mozambique,2024,240000.0,585000.0,825000.0
MRT,Mauritania,2024,,12000.0,12000.0
MUS,Mauritius,2024,,2300.0,2300.0
MWI,Malawi,2024,680.0,65000.0,65680.0
MYS,Malaysia,2024,,236000.0,236000.0
MYT,Mayotte,2024,,142000.0,142000.0
NAM,Namibia,2024,,1400.0,1400.0
NER,Niger,2024,100000.0,1172000.0,1272000.0
NGA,Nigeria,2024,295000.0,1245000.0,1540000.0
NIC,Nicaragua,2024,,2500.0,2500.0
NLD,Netherlands,2024,,63.0,63.0
NOR,Norway,2024,,590.0,590.0
NPL,Nepal,2024,,56000.0,56000.0
NZL,New Zealand,2024,,1700.0,1700.0
OMN,Oman,2024,,1600.0,1600.0
PAK,Pakistan,2024,3500.0,169000.0,172500.0
PAN,Panama,2024,,2100.0,2100.0
PER,Peru,2024,,49000.0,49000.0
PHL,Philippines,2024,193000.0,8996000.0,9189000.0
PNG,Papua New Guinea,2024,12000.0,31000.0,43000.0
POL,Poland,2024,,44000.0,44000.0
PRI,Puerto Rico,2024,,340.0,340.0
PRK,Dem. People's Rep. Korea,2024,,13000.0,13000.0
PRT,Portugal,2024,,700.0,700.0
PRY,Paraguay,2024,,8500.0,8500.0
PSE,Palestine,2024,3216000.0,,3216000.0
PYF,French Polynesia,2024,,21.0,21.0
REU,Réunion,2024,,700.0,700.0
ROU,Romania,2024,,6600.0,6600.0
RUS,Russia,2024,182000.0,43000.0,225000.0
RWA,Rwanda,2024,,58000.0,58000.0
SDN,Sudan,2024,3778000.0,200000.0,3978000.0
SEN,Senegal,2024,,57000.0,57000.0
SLB,Solomon Islands,2024,11.0,,11.0
SLE,Sierra Leone,2024,,1100.0,1100.0
SLV,El Salvador,2024,39000.0,5500.0,44500.0
SOM,Somalia,2024,316000.0,156000.0,472000.0
SRB,Serbia,2024,,1.0,1.0
SSD,South Sudan,2024,269000.0,423000.0,692000.0
SVK,Slovakia,2024,,120.0,120.0
SVN,Slovenia,2024,,20.0,20.0
SWZ,Eswatini,2024,,420.0,420.0
SYR,Syria,2024,768000.0,,768000.0
TCD,Chad,2024,63000.0,1325000.0,1388000.0
TGO,Togo,2024,,9.0,9.0
THA,Thailand,2024,,41000.0,41000.0
TJK,Tajikistan,2024,,1000.0,1000.0
TLS,Timor-Leste,2024,,2100.0,2100.0
TON,Tonga,2024,,40.0,40.0
TTO,Trinidad and Tobago,2024,,130.0,130.0
TUR,Türkiye,2024,,8600.0,8600.0
TWN,"Taiwan, China",2024,,40000.0,40000.0
TZA,Tanzania,2024,,91000.0,91000.0
UGA,Uganda,2024,1900.0,98000.0,99900.0
UKR,Ukraine,2024,306000.0,760.0,306760.0
URY,Uruguay,2024,,20000.0,20000.0
USA,United States,2024,,11001000.0,11001000.0
UZB,Uzbekistan,2024,,360.0,360.0
VCT,St. Vincent and the Grenadines,2024,,1800.0,1800.0
VEN,Venezuela,2024,,2900.0,2900.0
VNM,Viet Nam,2024,,284000.0,284000.0
VUT,Vanuatu,2024,,3100.0,3100.0
XKX,Kosovo,2024,,,0.0
YEM,Yemen,2024,36000.0,492000.0,528000.0
ZAF,South Africa,2024,29.0,36000.0,36029.0
ZMB,Zambia,2024,510.0,169000.0,169510.0
ZWE,Zimbabwe,2024,140.0,92000.0,92140.0
AB9,Abyei Area,2023,7900.0,1000.0,8900.0
AFG,Afghanistan,2023,,418000.0,418000.0
AGO,Angola,2023,,79000.0,79000.0
ALB,Albania,2023,,13.0,13.0
ARG,Argentina,2023,,9800.0,9800.0
ARM,Armenia,2023,,,0.0
ATG,Antigua and Barbuda,2023,,300.0,300.0
AUS,Australia,2023,,4700.0,4700.0
AUT,Austria,2023,,670.0,670.0
AZE,Azerbaijan,2023,5100.0,1700.0,6800.0
BDI,Burundi,2023,230.0,21000.0,21230.0
BEL,Belgium,2023,,100.0,100.0
BEN,Benin,2023,6500.0,,6500.0
BFA,Burkina Faso,2023,713000.0,24000.0,737000.0
BGD,Bangladesh,2023,,1791000.0,1791000.0
BGR,Bulgaria,2023,,250.0,250.0
BIH,Bosnia and Herzegovina,2023,,120.0,120.0
BLR,Belarus,2023,,48.0,48.0
BOL,Bolivia,2023,,3800.0,3800.0
BRA,Brazil,2023,16000.0,745000.0,761000.0
BRB,Barbados,2023,,29.0,29.0
BWA,Botswana,2023,,99.0,99.0
CAF,Central African Republic,2023,214000.0,70000.0,284000.0
CAN,Canada,2023,,192000.0,192000.0
CHE,Switzerland,2023,,410.0,410.0
CHL,Chile,2023,,44000.0,44000.0
CHN,China,2023,,4702000.0,4702000.0
CIV,Côte d'Ivoire,2023,,1200.0,1200.0
CMR,Cameroon,2023,164000.0,2900.0,166900.0
COD,Dem. Rep. Congo,2023,3772000.0,133000.0,3905000.0
COG,Congo,2023,,159000.0,159000.0
COL,Colombia,2023,329000.0,351000.0,680000.0
CRI,Costa Rica,2023,,290.0,290.0
CUB,Cuba,2023,,42000.0,42000.0
CYP,Cyprus,2023,,57.0,57.0
CZE,Czech Republic,2023,,64.0,64.0
DEU,Germany,2023,,3300.0,3300.0
DNK,Denmark,2023,,520.0,520.0
DOM,Dominican Republic,2023,,41000.0,41000.0
DZA,Algeria,2023,,23000.0,23000.0
ECU,Ecuador,2023,,16000.0,16000.0
EGY,Egypt,2023,,8.0,8.0
ESP,Spain,2023,,29000.0,29000.0
ETH,Ethiopia,2023,794000.0,618000.0,1412000.0
FIN,Finland,2023,,2.0,2.0
FJI,Fiji,2023,,6700.0,6700.0
FRA,France,2023,,7900.0,7900.0
FSM,Micronesia,2023,,5.0,5.0
GAB,Gabon,2023,,900.0,900.0
GBR,United Kingdom,2023,,4600.0,4600.0
GEO,Georgia,2023,,850.0,850.0
GHA,Ghana,2023,680.0,47000.0,47680.0
GIN,Guinea,2023,,35000.0,35000.0
GMB,Gambia,2023,,5300.0,5300.0
GRC,Greece,2023,,126000.0,126000.0
GTM,Guatemala,2023,580.0,48000.0,48580.0
GUM,Guam,2023,,1600.0,1600.0
GUY,Guyana,2023,,40.0,40.0
HKG,"Hong Kong, China",2023,,1300.0,1300.0
HND,Honduras,2023,5100.0,5800.0,10900.0
HRV,Croatia,2023,,86.0,86.0
HTI,Haiti,2023,245000.0,9800.0,254800.0
HUN,Hungary,2023,,66.0,66.0
IDN,Indonesia,2023,3700.0,238000.0,241700.0
IMN,Isle of Man,2023,,5.0,5.0
IND,India,2023,67000.0,528000.0,595000.0
IRL,Ireland,2023,,17.0,17.0
IRN,Iran,2023,,124000.0,124000.0
IRQ,Iraq,2023,21000.0,36000.0,57000.0
ISL,Iceland,2023,,4600.0,4600.0
ISR,Israel,2023,203000.0,42.0,203042.0
ITA,Italy,2023,,42000.0,42000.0
JEY,Jersey,2023,,84.0,84.0
JOR,Jordan,2023,,340.0,340.0
JPN,Japan,2023,,8600.0,8600.0
KAZ,Kazakhstan,2023,,1700.0,1700.0
KEN,Kenya,2023,7700.0,641000.0,648700.0
KGZ,Kyrgyzstan,2023,,47.0,47.0
KHM,Cambodia,2023,,46000.0,46000.0
KOR,Korea,2023,,40000.0,40000.0
LAO,Lao PDR,2023,,1100.0,1100.0
LBN,Lebanon,2023,139000.0,170.0,139170.0
LBR,Liberia,2023,,14000.0,14000.0
LBY,Libya,2023,1700.0,53000.0,54700.0
LKA,Sri Lanka,2023,,17000.0,17000.0
LSO,Lesotho,2023,,770.0,770.0
MAC,"Macao, China",2023,,3100.0,3100.0
MAR,Morocco,2023,,500000.0,500000.0
MDG,Madagascar,2023,,117000.0,117000.0
MDV,Maldives,2023,,54.0,54.0
MEX,Mexico,2023,11000.0,196000.0,207000.0
MKD,North Macedonia,2023,,,0.0
MLI,Mali,2023,184000.0,1300.0,185300.0
MMR,Myanmar,2023,1298000.0,995000.0,2293000.0
MNE,Montenegro,2023,,1.0,1.0
MNG,Mongolia,2023,,3900.0,3900.0
MNP,Northern Mariana Islands,2023,,1100.0,1100.0
MOZ,Mozambique,2023,41000.0,655000.0,696000.0
MRT,Mauritania,2023,,1100.0,1100.0
MUS,Mauritius,2023,,2300.0,2300.0
MWI,Malawi,2023,,660000.0,660000.0
MYS,Malaysia,2023,,206000.0,206000.0
NAM,Namibia,2023,,590.0,590.0
NCL,New Caledonia,2023,,2.0,2.0
NER,Niger,2023,181000.0,95000.0,276000.0
NGA,Nigeria,2023,291000.0,166000.0,457000.0
NIC,Nicaragua,2023,280.0,660.0,940.0
NOR,Norway,2023,,5800.0,5800.0
NPL,Nepal,2023,,110000.0,110000.0
NZL,New Zealand,2023,,14000.0,14000.0
OMN,Oman,2023,,4500.0,4500.0
PAK,Pakistan,2023,2800.0,732000.0,734800.0
PAN,Panama,2023,,26.0,26.0
PER,Peru,2023,,188000.0,188000.0
PHL,Philippines,2023,161000.0,2595000.0,2756000.0
PNG,Papua New Guinea,2023,2000.0,13000.0,15000.0
PRT,Portugal,2023,,1700.0,1700.0
PRY,Paraguay,2023,,16000.0,16000.0
PSE,Palestine,2023,3436000.0,,3436000.0
REU,Réunion,2023,,80.0,80.0
ROU,Romania,2023,,51.0,51.0
RUS,Russia,2023,60000.0,15000.0,75000.0
RWA,Rwanda,2023,,70000.0,70000.0
SDN,Sudan,2023,6039000.0,58000.0,6097000.0
SEN,Senegal,2023,,,0.0
SLB,Solomon Islands,2023,,640.0,640.0
SLV,El Salvador,2023,66000.0,5300.0,71300.0
SOM,Somalia,2023,673000.0,2043000.0,2716000.0
SRB,Serbia,2023,,400.0,400.0
SSD,South Sudan,2023,282000.0,167000.0,449000.0
SVK,Slovakia,2023,,86.0,86.0
SVN,Slovenia,2023,,8200.0,8200.0
SYR,Syria,2023,174000.0,702000.0,876000.0
TCD,Chad,2023,118000.0,16000.0,134000.0
TGO,Togo,2023,12000.0,,12000.0
THA,Thailand,2023,,2800.0,2800.0
TJK,Tajikistan,2023,,5100.0,5100.0
TUN,Tunisia,2023,,2600.0,2600.0
TUR,Türkiye,2023,,4053000.0,4053000.0
TWN,"Taiwan, China",2023,,18000.0,18000.0
TZA,Tanzania,2023,,46000.0,46000.0
UGA,Uganda,2023,640.0,50000.0,50640.0
UKR,Ukraine,2023,714000.0,600.0,714600.0
URY,Uruguay,2023,,4300.0,4300.0
USA,United States,2023,,201000.0,201000.0
VCT,St. Vincent and the Grenadines,2023,,150.0,150.0
VEN,Venezuela,2023,,730.0,730.0
VNM,Viet Nam,2023,,68000.0,68000.0
VUT,Vanuatu,2023,,69000.0,69000.0
WSM,Samoa,2023,,14.0,14.0
XKX,Kosovo,2023,,1100.0,1100.0
YEM,Yemen,2023,80000.0,240000.0,320000.0
ZAF,South Africa,2023,620.0,20000.0,20620.0
ZMB,Zambia,2023,,9300.0,9300.0
ZWE,Zimbabwe,2023,,690.0,690.0
AB9,Abyei Area,2022,56000.0,29000.0,85000.0
AFG,Afghanistan,2022,32000.0,220000.0,252000.0
AGO,Angola,2022,,1800.0,1800.0
ALB,Albania,2022,,320.0,320.0
ARG,Argentina,2022,,730.0,730.0
ARM,Armenia,2022,7600.0,,7600.0
ASM,American Samoa,2022,,59.0,59.0
AUS,Australia,2022,,17000.0,17000.0
AZE,Azerbaijan,2022,,190.0,190.0
BDI,Burundi,2022,600.0,13000.0,13600.0
BEL,Belgium,2022,,100.0,100.0
BEN,Benin,2022,1200.0,6900.0,8100.0
BFA,Burkina Faso,2022,438000.0,2400.0,440400.0
BGD,Bangladesh,2022,120.0,1524000.0,1524120.0
BGR,Bulgaria,2022,,900.0,900.0
BIH,Bosnia and Herzegovina,2022,,78.0,78.0
BLZ,Belize,2022,,5100.0,5100.0
BOL,Bolivia,2022,,3000.0,3000.0
BRA,Brazil,2022,5600.0,708000.0,713600.0
CAF,Central African Republic,2022,290000.0,77000.0,367000.0
CAN,Canada,2022,,15000.0,15000.0
CHE,Switzerland,2022,,66.0,66.0
CHL,Chile,2022,,1500.0,1500.0
CHN,China,2022,,3632000.0,3632000.0
CIV,Côte d'Ivoire,2022,,2500.0,2500.0
CMR,Cameroon,2022,139000.0,66000.0,205000.0
COD,Dem. Rep. Congo,2022,4004000.0,423000.0,4427000.0
COG,Congo,2022,,42000.0,42000.0
COK,Cook Islands,2022,,7.0,7.0
COL,Colombia,2022,391000.0,281000.0,672000.0
CRI,Costa Rica,2022,,1600.0,1600.0
CUB,Cuba,2022,,90000.0,90000.0
CYP,Cyprus,2022,,54.0,54.0
DEU,Germany,2022,,630.0,630.0
DJI,Djibouti,2022,,6100.0,6100.0
DNK,Denmark,2022,,20.0,20.0
DOM,Dominican Republic,2022,,54000.0,54000.0
DZA,Algeria,2022,,2000.0,2000.0
ECU,Ecuador,2022,,6400.0,6400.0
ESP,Spain,2022,,34000.0,34000.0
ETH,Ethiopia,2022,2032000.0,873000.0,2905000.0
FIN,Finland,2022,,8.0,8.0
FJI,Fiji,2022,,4800.0,4800.0
FRA,France,2022,,45000.0,45000.0
GBR,United Kingdom,2022,,1900.0,1900.0
GEO,Georgia,2022,,430.0,430.0
GHA,Ghana,2022,,2700.0,2700.0
GIN,Guinea,2022,,340.0,340.0
GLP,Guadeloupe,2022,,140.0,140.0
GMB,Gambia,2022,7800.0,7000.0,14800.0
GRC,Greece,2022,,710.0,710.0
GTM,Guatemala,2022,5.0,74000.0,74005.0
GUY,Guyana,2022,,120.0,120.0
HKG,"Hong Kong, China",2022,,330.0,330.0
HND,Honduras,2022,260.0,46000.0,46260.0
HRV,Croatia,2022,,100.0,100.0
HTI,Haiti,2022,106000.0,15000.0,121000.0
IDN,Indonesia,2022,7600.0,308000.0,315600.0
IND,India,2022,1000.0,2507000.0,2508000.0
IRL,Ireland,2022,,26.0,26.0
IRN,Iran,2022,,42000.0,42000.0
IRQ,Iraq,2022,32000.0,51000.0,83000.0
ISL,Iceland,2022,,56.0,56.0
ISR,Israel,2022,1100.0,,1100.0
ITA,Italy,2022,,4100.0,4100.0
JPN,Japan,2022,,51000.0,51000.0
KAZ,Kazakhstan,2022,120.0,4000.0,4120.0
KEN,Kenya,2022,15000.0,318000.0,333000.0
KGZ,Kyrgyzstan,2022,166000.0,1700.0,167700.0
KHM,Cambodia,2022,,28000.0,28000.0
KOR,Korea,2022,,30000.0,30000.0
KWT,Kuwait,2022,,14.0,14.0
LAO,Lao PDR,2022,,560.0,560.0
LBN,Lebanon,2022,,35.0,35.0
LBY,Libya,2022,360.0,,360.0
LCA,St. Lucia,2022,,560.0,560.0
LKA,Sri Lanka,2022,,11000.0,11000.0
LVA,Latvia,2022,,27.0,27.0
MAR,Morocco,2022,,9500.0,9500.0
MDG,Madagascar,2022,,291000.0,291000.0
MDV,Maldives,2022,,370.0,370.0
MEX,Mexico,2022,9200.0,11000.0,20200.0
MHL,Marshall Islands,2022,,28.0,28.0
MKD,North Macedonia,2022,,,0.0
MLI,Mali,2022,154000.0,24000.0,178000.0
MMR,Myanmar,2022,1006000.0,13000.0,1019000.0
MNG,Mongolia,2022,,75.0,75.0
MOZ,Mozambique,2022,286000.0,113000.0,399000.0
MRT,Mauritania,2022,,23000.0,23000.0
MUS,Mauritius,2022,,140.0,140.0
MWI,Malawi,2022,,297000.0,297000.0
MYS,Malaysia,2022,,156000.0,156000.0
MYT,Mayotte,2022,,,0.0
NCL,New Caledonia,2022,,170.0,170.0
NER,Niger,2022,101000.0,248000.0,349000.0
NGA,Nigeria,2022,148000.0,2437000.0,2585000.0
NIC,Nicaragua,2022,,16000.0,16000.0
NOR,Norway,2022,,170.0,170.0
NPL,Nepal,2022,,93000.0,93000.0
NZL,New Zealand,2022,,2800.0,2800.0
OMN,Oman,2022,,45.0,45.0
PAK,Pakistan,2022,680.0,8168000.0,8168680.0
PAN,Panama,2022,,460.0,460.0
PER,Peru,2022,,24000.0,24000.0
PHL,Philippines,2022,123000.0,5453000.0,5576000.0
PNG,Papua New Guinea,2022,60000.0,9600.0,69600.0
PRI,Puerto Rico,2022,,49000.0,49000.0
PRK,Dem. People's Rep. Korea,2022,,200.0,200.0
PRT,Portugal,2022,,4500.0,4500.0
PSE,Palestine,2022,1800.0,250.0,2050.0
PYF,French Polynesia,2022,,17.0,17.0
ROU,Romania,2022,,160.0,160.0
RUS,Russia,2022,7100.0,2700.0,9800.0
RWA,Rwanda,2022,,7800.0,7800.0
SDN,Sudan,2022,314000.0,105000.0,419000.0
SEN,Senegal,2022,,12000.0,12000.0
SLB,Solomon Islands,2022,,11.0,11.0
SLE,Sierra Leone,2022,,800.0,800.0
SLV,El Salvador,2022,73000.0,4600.0,77600.0
SOM,Somalia,2022,621000.0,1152000.0,1773000.0
SRB,Serbia,2022,,1.0,1.0
SSD,South Sudan,2022,337000.0,596000.0,933000.0
STP,São Tomé and Principe,2022,,240.0,240.0
SUR,Suriname,2022,,1500.0,1500.0
SVN,Slovenia,2022,,500.0,500.0
SWZ,Eswatini,2022,,360.0,360.0
SYR,Syria,2022,171000.0,21000.0,192000.0
TCA,Turks and Caicos Islands,2022,,160.0,160.0
TCD,Chad,2022,80000.0,158000.0,238000.0
TGO,Togo,2022,2300.0,16000.0,18300.0
THA,Thailand,2022,,22000.0,22000.0
TJK,Tajikistan,2022,,260.0,260.0
TON,Tonga,2022,,2400.0,2400.0
TTO,Trinidad and Tobago,2022,,40.0,40.0
TUN,Tunisia,2022,,2000.0,2000.0
TUR,Türkiye,2022,,6900.0,6900.0
TWN,"Taiwan, China",2022,,1700.0,1700.0
TZA,Tanzania,2022,,4200.0,4200.0
UGA,Uganda,2022,2000.0,34000.0,36000.0
UKR,Ukraine,2022,16870000.0,1.0,16870001.0
URY,Uruguay,2022,,800.0,800.0
USA,United States,2022,,675000.0,675000.0
UZB,Uzbekistan,2022,,170.0,170.0
VCT,St. Vincent and the Grenadines,2022,,3.0,3.0
VEN,Venezuela,2022,,13000.0,13000.0
VNM,Viet Nam,2022,,353000.0,353000.0
VUT,Vanuatu,2022,,390.0,390.0
WSM,Samoa,2022,,14.0,14.0
XKX,Kosovo,2022,,120.0,120.0
YEM,Yemen,2022,276000.0,171000.0,447000.0
ZAF,South Africa,2022,,62000.0,62000.0
ZMB,Zambia,2022,,3600.0,3600.0
ZWE,Zimbabwe,2022,,1300.0,1300.0
AB9,Abyei Area,2021,600.0,,600.0
AFG,Afghanistan,2021,723000.0,25000.0,748000.0
AGO,Angola,2021,,22000.0,22000.0
ALB,Albania,2021,,250.0,250.0
ARE,United Arab Emirates,2021,,38.0,38.0
ARG,Argentina,2021,,710.0,710.0
ARM,Armenia,2021,,,0.0
AUS,Australia,2021,,49000.0,49000.0
AUT,Austria,2021,,67.0,67.0
AZE,Azerbaijan,2021,,,0.0
BDI,Burundi,2021,94.0,64000.0,64094.0
BEL,Belgium,2021,,16000.0,16000.0
BEN,Benin,2021,,10000.0,10000.0
BFA,Burkina Faso,2021,682000.0,,682000.0
BGD,Bangladesh,2021,,99000.0,99000.0
BGR,Bulgaria,2021,,25.0,25.0
BIH,Bosnia and Herzegovina,2021,,310.0,310.0
BOL,Bolivia,2021,,910.0,910.0
BRA,Brazil,2021,21000.0,449000.0,470000.0
BRB,Barbados,2021,,380.0,380.0
CAF,Central African Republic,2021,487000.0,24000.0,511000.0
CAN,Canada,2021,,60000.0,60000.0
CHE,Switzerland,2021,,140.0,140.0
CHL,Chile,2021,,2500.0,2500.0
CHN,China,2021,,6037000.0,6037000.0
CIV,Côte d'Ivoire,2021,,,0.0
CMR,Cameroon,2021,131000.0,1800.0,132800.0
COD,Dem. Rep. Congo,2021,2712000.0,888000.0,3600000.0
COG,Congo,2021,,6700.0,6700.0
COK,Cook Islands,2021,,12.0,12.0
COL,Colombia,2021,134000.0,32000.0,166000.0
CRI,Costa Rica,2021,,290.0,290.0
CUB,Cuba,2021,,194000.0,194000.0
CYM,Cayman Islands,2021,,41.0,41.0
CYP,Cyprus,2021,,59.0,59.0
CZE,Czech Republic,2021,,2800.0,2800.0
DEU,Germany,2021,,17000.0,17000.0
DOM,Dominican Republic,2021,,10000.0,10000.0
DZA,Algeria,2021,,6600.0,6600.0
ECU,Ecuador,2021,,5700.0,5700.0
EGY,Egypt,2021,,1100.0,1100.0
ESP,Spain,2021,,16000.0,16000.0
ETH,Ethiopia,2021,5142000.0,240000.0,5382000.0
FJI,Fiji,2021,,14000.0,14000.0
FRA,France,2021,,9100.0,9100.0
GBR,United Kingdom,2021,,510.0,510.0
GEO,Georgia,2021,,85.0,85.0
GHA,Ghana,2021,,12000.0,12000.0
GIN,Guinea,2021,,2600.0,2600.0
GMB,Gambia,2021,700.0,2400.0,3100.0
GRC,Greece,2021,,67000.0,67000.0
GTM,Guatemala,2021,130.0,16000.0,16130.0
GUY,Guyana,2021,,220.0,220.0
HKG,"Hong Kong, China",2021,,400.0,400.0
HND,Honduras,2021,550.0,260.0,810.0
HRV,Croatia,2021,,,0.0
HTI,Haiti,2021,20000.0,220000.0,240000.0
IDN,Indonesia,2021,27000.0,749000.0,776000.0
IND,India,2021,13000.0,4903000.0,4916000.0
IRL,Ireland,2021,,25.0,25.0
IRN,Iran,2021,,42000.0,42000.0
IRQ,Iraq,2021,57000.0,9400.0,66400.0
ISL,Iceland,2021,,220.0,220.0
ISR,Israel,2021,3200.0,3900.0,7100.0
ITA,Italy,2021,,2600.0,2600.0
JAM,Jamaica,2021,,16.0,16.0
JPN,Japan,2021,,14000.0,14000.0
KAZ,Kazakhstan,2021,,140.0,140.0
KEN,Kenya,2021,4600.0,36000.0,40600.0
KGZ,Kyrgyzstan,2021,46000.0,120.0,46120.0
KHM,Cambodia,2021,,15000.0,15000.0
KOR,Korea,2021,,2900.0,2900.0
LAO,Lao PDR,2021,,5.0,5.0
LBN,Lebanon,2021,61.0,850.0,911.0
LBY,Libya,2021,,1200.0,1200.0
LKA,Sri Lanka,2021,,121000.0,121000.0
LSO,Lesotho,2021,,730.0,730.0
LUX,Luxembourg,2021,,560.0,560.0
MAC,"Macao, China",2021,,37.0,37.0
MAR,Morocco,2021,,10.0,10.0
MDG,Madagascar,2021,1300.0,21000.0,22300.0
MEX,Mexico,2021,29000.0,19000.0,48000.0
MKD,North Macedonia,2021,,80.0,80.0
MLI,Mali,2021,249000.0,6000.0,255000.0
MMR,Myanmar,2021,448000.0,158000.0,606000.0
MNG,Mongolia,2021,,6300.0,6300.0
MOZ,Mozambique,2021,187000.0,44000.0,231000.0
MWI,Malawi,2021,,600.0,600.0
MYS,Malaysia,2021,,129000.0,129000.0
MYT,Mayotte,2021,8.0,,8.0
NAM,Namibia,2021,,260.0,260.0
NCL,New Caledonia,2021,13.0,5500.0,5513.0
NER,Niger,2021,110000.0,125000.0,235000.0
NGA,Nigeria,2021,376000.0,24000.0,400000.0
NIC,Nicaragua,2021,,,0.0
NLD,Netherlands,2021,,51000.0,51000.0
NOR,Norway,2021,,780.0,780.0
NPL,Nepal,2021,,32000.0,32000.0
NZL,New Zealand,2021,,4400.0,4400.0
OMN,Oman,2021,,5200.0,5200.0
PAK,Pakistan,2021,,70000.0,70000.0
PAN,Panama,2021,,2200.0,2200.0
PER,Peru,2021,,3500.0,3500.0
PHL,Philippines,2021,140000.0,5714000.0,5854000.0
PLW,Palau,2021,,2500.0,2500.0
PNG,Papua New Guinea,2021,,1400.0,1400.0
POL,Poland,2021,,120.0,120.0
PRK,Dem. People's Rep. Korea,2021,,5000.0,5000.0
PRT,Portugal,2021,,34.0,34.0
PSE,Palestine,2021,118000.0,,118000.0
REU,Réunion,2021,,14.0,14.0
ROU,Romania,2021,,410.0,410.0
RUS,Russia,2021,,5600.0,5600.0
RWA,Rwanda,2021,,15000.0,15000.0
SDN,Sudan,2021,442000.0,99000.0,541000.0
SEN,Senegal,2021,,1300.0,1300.0
SLB,Solomon Islands,2021,1000.0,5.0,1005.0
SLE,Sierra Leone,2021,,,0.0
SLV,El Salvador,2021,175000.0,550.0,175550.0
SOM,Somalia,2021,549000.0,271000.0,820000.0
SRB,Serbia,2021,,34.0,34.0
SSD,South Sudan,2021,429000.0,506000.0,935000.0
STP,São Tomé and Principe,2021,,500.0,500.0
SUR,Suriname,2021,,6500.0,6500.0
SWZ,Eswatini,2021,,100.0,100.0
SYR,Syria,2021,456000.0,88000.0,544000.0
TCD,Chad,2021,42000.0,24000.0,66000.0
THA,Thailand,2021,520.0,9400.0,9920.0
TJK,Tajikistan,2021,15000.0,1200.0,16200.0
TLS,Timor-Leste,2021,,16000.0,16000.0
TUN,Tunisia,2021,,1200.0,1200.0
TUR,Türkiye,2021,,84000.0,84000.0
TWN,"Taiwan, China",2021,,11000.0,11000.0
TZA,Tanzania,2021,,47000.0,47000.0
UGA,Uganda,2021,1300.0,47000.0,48300.0
UKR,Ukraine,2021,40.0,2000.0,2040.0
URY,Uruguay,2021,,160.0,160.0
USA,United States,2021,,573000.0,573000.0
VCT,St. Vincent and the Grenadines,2021,,23000.0,23000.0
VEN,Venezuela,2021,,33000.0,33000.0
VNM,Viet Nam,2021,,780000.0,780000.0
XKX,Kosovo,2021,,70.0,70.0
YEM,Yemen,2021,377000.0,84000.0,461000.0
ZAF,South Africa,2021,520.0,10000.0,10520.0
ZMB,Zambia,2021,,1300.0,1300.0
ZWE,Zimbabwe,2021,,2400.0,2400.0
AB9,Abyei Area,2020,4700.0,,4700.0
AFG,Afghanistan,2020,404000.0,49000.0,453000.0
AGO,Angola,2020,,25000.0,25000.0
ALB,Albania,2020,,,0.0
ARE,United Arab Emirates,2020,,600.0,600.0
ARG,Argentina,2020,,3700.0,3700.0
ARM,Armenia,2020,800.0,,800.0
ASM,American Samoa,2020,,390.0,390.0
AUS,Australia,2020,,51000.0,51000.0
AZE,Azerbaijan,2020,84000.0,,84000.0
BDI,Burundi,2020,310.0,52000.0,52310.0
BEN,Benin,2020,,7000.0,7000.0
BFA,Burkina Faso,2020,515000.0,20000.0,535000.0
BGD,Bangladesh,2020,210.0,4443000.0,4443210.0
BHS,Bahamas,2020,,,0.0
BIH,Bosnia and Herzegovina,2020,,900.0,900.0
BLZ,Belize,2020,,6300.0,6300.0
BMU,Bermuda,2020,,50.0,50.0
BOL,Bolivia,2020,,13000.0,13000.0
BRA,Brazil,2020,,358000.0,358000.0
BTN,Bhutan,2020,,120.0,120.0
BWA,Botswana,2020,,780.0,780.0
CAF,Central African Republic,2020,318000.0,15000.0,333000.0
CAN,Canada,2020,,26000.0,26000.0
CHE,Switzerland,2020,,13.0,13.0
CHL,Chile,2020,,3400.0,3400.0
CHN,China,2020,,5074000.0,5074000.0
CIV,Côte d'Ivoire,2020,15000.0,1900.0,16900.0
CMR,Cameroon,2020,123000.0,116000.0,239000.0
COD,Dem. Rep. Congo,2020,2209000.0,279000.0,2488000.0
COG,Congo,2020,,,0.0
COL,Colombia,2020,106000.0,64000.0,170000.0
CPV,Cabo Verde,2020,,750.0,750.0
CRI,Costa Rica,2020,,4200.0,4200.0
CUB,Cuba,2020,,639000.0,639000.0
CYP,Cyprus,2020,,,0.0
CZE,Czech Republic,2020,,43.0,43.0
DEU,Germany,2020,,2.0,2.0
DJI,Djibouti,2020,,11.0,11.0
DOM,Dominican Republic,2020,,31000.0,31000.0
DZA,Algeria,2020,,9600.0,9600.0
ECU,Ecuador,2020,,1200.0,1200.0
EGY,Egypt,2020,1000.0,8400.0,9400.0
ESP,Spain,2020,,7800.0,7800.0
ETH,Ethiopia,2020,1692000.0,664000.0,2356000.0
FJI,Fiji,2020,,37000.0,37000.0
FRA,France,2020,,10000.0,10000.0
GAB,Gabon,2020,,2.0,2.0
GBR,United Kingdom,2020,,7900.0,7900.0
GEO,Georgia,2020,,160.0,160.0
GHA,Ghana,2020,,2000.0,2000.0
GIN,Guinea,2020,,2400.0,2400.0
GMB,Gambia,2020,,17000.0,17000.0
GRC,Greece,2020,,13000.0,13000.0
GTM,Guatemala,2020,,339000.0,339000.0
GUF,French Guiana,2020,,140.0,140.0
HKG,"Hong Kong, China",2020,,160.0,160.0
HND,Honduras,2020,,937000.0,937000.0
HRV,Croatia,2020,,42000.0,42000.0
HTI,Haiti,2020,7900.0,13000.0,20900.0
HUN,Hungary,2020,,14.0,14.0
IDN,Indonesia,2020,4600.0,705000.0,709600.0
IND,India,2020,3900.0,3856000.0,3859900.0
IRL,Ireland,2020,,51.0,51.0
IRN,Iran,2020,,52000.0,52000.0
IRQ,Iraq,2020,67000.0,1200.0,68200.0
ISL,Iceland,2020,,590.0,590.0
ISR,Israel,2020,3000.0,10000.0,13000.0
ITA,Italy,2020,,2000.0,2000.0
JAM,Jamaica,2020,,2.0,2.0
JOR,Jordan,2020,,140.0,140.0
JPN,Japan,2020,,186000.0,186000.0
KAZ,Kazakhstan,2020,,32000.0,32000.0
KEN,Kenya,2020,3900.0,335000.0,338900.0
KGZ,Kyrgyzstan,2020,250.0,,250.0
KHM,Cambodia,2020,,66000.0,66000.0
KOR,Korea,2020,,19000.0,19000.0
LAO,Lao PDR,2020,,12000.0,12000.0
LBN,Lebanon,2020,,,0.0
LBR,Liberia,2020,,3700.0,3700.0
LBY,Libya,2020,39000.0,,39000.0
LKA,Sri Lanka,2020,,19000.0,19000.0
LUX,Luxembourg,2020,,2.0,2.0
MAC,"Macao, China",2020,,2800.0,2800.0
MAR,Morocco,2020,,340.0,340.0
MDG,Madagascar,2020,,74000.0,74000.0
MEX,Mexico,2020,9700.0,103000.0,112700.0
MKD,North Macedonia,2020,,,0.0
MLI,Mali,2020,277000.0,7400.0,284400.0
MMR,Myanmar,2020,70000.0,50000.0,120000.0
MNG,Mongolia,2020,,4200.0,4200.0
MOZ,Mozambique,2020,592000.0,48000.0,640000.0
MRT,Mauritania,2020,,1600.0,1600.0
MUS,Mauritius,2020,,110.0,110.0
MWI,Malawi,2020,,30000.0,30000.0
MYS,Malaysia,2020,,23000.0,23000.0
NAM,Namibia,2020,,200.0,200.0
NCL,New Caledonia,2020,140.0,31.0,171.0
NER,Niger,2020,136000.0,276000.0,412000.0
NGA,Nigeria,2020,169000.0,279000.0,448000.0
NIC,Nicaragua,2020,77.0,392000.0,392077.0
NLD,Netherlands,2020,,4000.0,4000.0
NOR,Norway,2020,,1000.0,1000.0
NPL,Nepal,2020,,48000.0,48000.0
NZL,New Zealand,2020,,5000.0,5000.0
OMN,Oman,2020,,120.0,120.0
PAK,Pakistan,2020,160.0,829000.0,829160.0
PAN,Panama,2020,,3700.0,3700.0
PER,Peru,2020,,8500.0,8500.0
PHL,Philippines,2020,111000.0,4450000.0,4561000.0
PNG,Papua New Guinea,2020,,3900.0,3900.0
POL,Poland,2020,,420.0,420.0
PRI,Puerto Rico,2020,,11000.0,11000.0
PRK,Dem. People's Rep. Korea,2020,,5300.0,5300.0
PRT,Portugal,2020,,28.0,28.0
PRY,Paraguay,2020,,5.0,5.0
PSE,Palestine,2020,1000.0,100.0,1100.0
PYF,French Polynesia,2020,,27.0,27.0
ROU,Romania,2020,,290.0,290.0
RUS,Russia,2020,,250.0,250.0
RWA,Rwanda,2020,,6000.0,6000.0
SAU,Saudi Arabia,2020,,610.0,610.0
SDN,Sudan,2020,79000.0,454000.0,533000.0
SEN,Senegal,2020,,3300.0,3300.0
SLB,Solomon Islands,2020,,320.0,320.0
SLE,Sierra Leone,2020,,,0.0
SLV,El Salvador,2020,114000.0,17000.0,131000.0
SOM,Somalia,2020,293000.0,1037000.0,1330000.0
SRB,Serbia,2020,,880.0,880.0
SSD,South Sudan,2020,271000.0,443000.0,714000.0
SVK,Slovakia,2020,,60.0,60.0
SYR,Syria,2020,1822000.0,25000.0,1847000.0
TCD,Chad,2020,79000.0,71000.0,150000.0
THA,Thailand,2020,,13000.0,13000.0
TJK,Tajikistan,2020,,1500.0,1500.0
TLS,Timor-Leste,2020,,1100.0,1100.0
TON,Tonga,2020,,2700.0,2700.0
TTO,Trinidad and Tobago,2020,,33.0,33.0
TUN,Tunisia,2020,,10000.0,10000.0
TUR,Türkiye,2020,,41000.0,41000.0
TUV,Tuvalu,2020,,200.0,200.0
TWN,"Taiwan, China",2020,,3500.0,3500.0
TZA,Tanzania,2020,,56000.0,56000.0
UGA,Uganda,2020,79.0,70000.0,70079.0
UKR,Ukraine,2020,74.0,2000.0,2074.0
URY,Uruguay,2020,,370.0,370.0
USA,United States,2020,,1715000.0,1715000.0
UZB,Uzbekistan,2020,,70000.0,70000.0
VEN,Venezuela,2020,,2400.0,2400.0
VNM,Viet Nam,2020,,1264000.0,1264000.0
VUT,Vanuatu,2020,,80000.0,80000.0
WSM,Samoa,2020,,55.0,55.0
XKX,Kosovo,2020,,,0.0
YEM,Yemen,2020,143000.0,223000.0,366000.0
ZAF,South Africa,2020,,370.0,370.0
ZMB,Zambia,2020,,7200.0,7200.0
ZWE,Zimbabwe,2020,,3900.0,3900.0
AB9,Abyei Area,2019,,40000.0,40000.0
AFG,Afghanistan,2019,461000.0,117000.0,578000.0
AGO,Angola,2019,,6700.0,6700.0
ALB,Albania,2019,,33000.0,33000.0
ARE,United Arab Emirates,2019,,210.0,210.0
ARG,Argentina,2019,,23000.0,23000.0
AUS,Australia,2019,,25000.0,25000.0
AUT,Austria,2019,,270.0,270.0
AZE,Azerbaijan,2019,,140.0,140.0
BDI,Burundi,2019,530.0,27000.0,27530.0
BEL,Belgium,2019,,10.0,10.0
BEN,Benin,2019,,5000.0,5000.0
BFA,Burkina Faso,2019,513000.0,,513000.0
BGD,Bangladesh,2019,29.0,4084000.0,4084029.0
BHS,Bahamas,2019,,18000.0,18000.0
BIH,Bosnia and Herzegovina,2019,,270.0,270.0
BOL,Bolivia,2019,31.0,77000.0,77031.0
BRA,Brazil,2019,,293000.0,293000.0
BRB,Barbados,2019,,100.0,100.0
CAF,Central African Republic,2019,96000.0,102000.0,198000.0
CAN,Canada,2019,,41000.0,41000.0
CHE,Switzerland,2019,,10.0,10.0
CHL,Chile,2019,,3900.0,3900.0
CHN,China,2019,,4034000.0,4034000.0
CIV,Côte d'Ivoire,2019,300.0,720.0,1020.0
CMR,Cameroon,2019,67000.0,24000.0,91000.0
COD,Dem. Rep. Congo,2019,1672000.0,237000.0,1909000.0
COG,Congo,2019,2.0,166000.0,166002.0
COL,Colombia,2019,139000.0,36000.0,175000.0
COM,Comoros,2019,,19000.0,19000.0
CRI,Costa Rica,2019,,390.0,390.0
CUB,Cuba,2019,,9900.0,9900.0
CYP,Cyprus,2019,,,0.0
DEU,Germany,2019,,680.0,680.0
DJI,Djibouti,2019,,10000.0,10000.0
DMA,Dominica,2019,,,0.0
DOM,Dominican Republic,2019,,4900.0,4900.0
DZA,Algeria,2019,,3200.0,3200.0
ECU,Ecuador,2019,,1500.0,1500.0
EGY,Egypt,2019,4.0,,4.0
ESP,Spain,2019,,29000.0,29000.0
ETH,Ethiopia,2019,1052000.0,504000.0,1556000.0
FJI,Fiji,2019,,5600.0,5600.0
FRA,France,2019,,6100.0,6100.0
GBR,United Kingdom,2019,,12000.0,12000.0
GEO,Georgia,2019,,,0.0
GHA,Ghana,2019,2000.0,16000.0,18000.0
GIN,Guinea,2019,,18.0,18.0
GMB,Gambia,2019,,4000.0,4000.0
GNB,Guinea-Bissau,2019,,410.0,410.0
GRC,Greece,2019,,2800.0,2800.0
GRD,Grenada,2019,,26.0,26.0
GTM,Guatemala,2019,,21000.0,21000.0
GUM,Guam,2019,,450.0,450.0
HKG,"Hong Kong, China",2019,,200.0,200.0
HND,Honduras,2019,,390.0,390.0
HTI,Haiti,2019,2100.0,1200.0,3300.0
HUN,Hungary,2019,,110.0,110.0
IDN,Indonesia,2019,23000.0,463000.0,486000.0
IND,India,2019,12000.0,5018000.0,5030000.0
IRN,Iran,2019,,520000.0,520000.0
IRQ,Iraq,2019,104000.0,37000.0,141000.0
ISR,Israel,2019,2300.0,1200.0,3500.0
ITA,Italy,2019,,3800.0,3800.0
JOR,Jordan,2019,,46.0,46.0
JPN,Japan,2019,,265000.0,265000.0
KEN,Kenya,2019,1800.0,74000.0,75800.0
KGZ,Kyrgyzstan,2019,770.0,,770.0
KHM,Cambodia,2019,,70000.0,70000.0
KOR,Korea,2019,,5600.0,5600.0
LAO,Lao PDR,2019,,103000.0,103000.0
LBN,Lebanon,2019,,4300.0,4300.0
LBR,Liberia,2019,,600.0,600.0
LBY,Libya,2019,215000.0,4600.0,219600.0
LCA,St. Lucia,2019,,25.0,25.0
LKA,Sri Lanka,2019,1700.0,87000.0,88700.0
LUX,Luxembourg,2019,,190.0,190.0
MAR,Morocco,2019,,200.0,200.0
MDG,Madagascar,2019,,23000.0,23000.0
MDV,Maldives,2019,,300.0,300.0
MEX,Mexico,2019,8700.0,18000.0,26700.0
MHL,Marshall Islands,2019,,200.0,200.0
MKD,North Macedonia,2019,,,0.0
MLI,Mali,2019,284000.0,6600.0,290600.0
MMR,Myanmar,2019,80000.0,270000.0,350000.0
MNG,Mongolia,2019,,13.0,13.0
MNP,Northern Mariana Islands,2019,,870.0,870.0
MOZ,Mozambique,2019,5300.0,506000.0,511300.0
MRT,Mauritania,2019,,6600.0,6600.0
MTQ,Martinique,2019,,2.0,2.0
MUS,Mauritius,2019,,1000.0,1000.0
MWI,Malawi,2019,,117000.0,117000.0
MYS,Malaysia,2019,,63000.0,63000.0
MYT,Mayotte,2019,,10000.0,10000.0
NAM,Namibia,2019,,2.0,2.0
NER,Niger,2019,56000.0,121000.0,177000.0
NGA,Nigeria,2019,248000.0,157000.0,405000.0
NIC,Nicaragua,2019,,580.0,580.0
NOR,Norway,2019,,620.0,620.0
NPL,Nepal,2019,,121000.0,121000.0
NZL,New Zealand,2019,,1300.0,1300.0
OMN,Oman,2019,,1100.0,1100.0
PAK,Pakistan,2019,15000.0,100000.0,115000.0
PAN,Panama,2019,,240.0,240.0
PER,Peru,2019,35.0,10000.0,10035.0
PHL,Philippines,2019,183000.0,4495000.0,4678000.0
PNG,Papua New Guinea,2019,1300.0,31000.0,32300.0
POL,Poland,2019,,18.0,18.0
PRI,Puerto Rico,2019,,240.0,240.0
PRK,Dem. People's Rep. Korea,2019,,6400.0,6400.0
PRT,Portugal,2019,,640.0,640.0
PRY,Paraguay,2019,,54000.0,54000.0
PSE,Palestine,2019,1500.0,2.0,1502.0
PYF,French Polynesia,2019,,30.0,30.0
ROU,Romania,2019,,460.0,460.0
RUS,Russia,2019,,12000.0,12000.0
RWA,Rwanda,2019,,12000.0,12000.0
SAU,Saudi Arabia,2019,,430.0,430.0
SDN,Sudan,2019,84000.0,272000.0,356000.0
SEN,Senegal,2019,,4400.0,4400.0
SLB,Solomon Islands,2019,,31.0,31.0
SLE,Sierra Leone,2019,2500.0,5300.0,7800.0
SLV,El Salvador,2019,454000.0,1900.0,455900.0
SOM,Somalia,2019,188000.0,475000.0,663000.0
SRB,Serbia,2019,,300.0,300.0
SSD,South Sudan,2019,259000.0,294000.0,553000.0
SWE,Sweden,2019,,47.0,47.0
SYR,Syria,2019,1847000.0,17000.0,1864000.0
TCD,Chad,2019,58000.0,30000.0,88000.0
THA,Thailand,2019,,61000.0,61000.0
TJK,Tajikistan,2019,,4800.0,4800.0
TTO,Trinidad and Tobago,2019,,48.0,48.0
TUN,Tunisia,2019,,32.0,32.0
TUR,Türkiye,2019,2000.0,540.0,2540.0
TWN,"Taiwan, China",2019,,13000.0,13000.0
TZA,Tanzania,2019,,11000.0,11000.0
UGA,Uganda,2019,2300.0,90000.0,92300.0
UKR,Ukraine,2019,60.0,,60.0
URY,Uruguay,2019,,22000.0,22000.0
USA,United States,2019,,916000.0,916000.0
VCT,St. Vincent and the Grenadines,2019,,230.0,230.0
VEN,Venezuela,2019,,320.0,320.0
VNM,Viet Nam,2019,,89000.0,89000.0
VUT,Vanuatu,2019,,1000.0,1000.0
XKX,Kosovo,2019,,,0.0
YEM,Yemen,2019,398000.0,31000.0,429000.0
ZAF,South Africa,2019,2300.0,5100.0,7400.0
ZMB,Zambia,2019,,1300.0,1300.0
ZWE,Zimbabwe,2019,,52000.0,52000.0
AB9,Abyei Area,2018,150.0,2.0,152.0
AFG,Afghanistan,2018,372000.0,435000.0,807000.0
AGO,Angola,2018,,11000.0,11000.0
ALB,Albania,2018,,110.0,110.0
ARG,Argentina,2018,,16000.0,16000.0
ASM,American Samoa,2018,,4600.0,4600.0
AUS,Australia,2018,,11000.0,11000.0
AZE,Azerbaijan,2018,,390.0,390.0
BDI,Burundi,2018,5100.0,36000.0,41100.0
BEL,Belgium,2018,,50.0,50.0
BEN,Benin,2018,3500.0,23000.0,26500.0
BFA,Burkina Faso,2018,42000.0,5100.0,47100.0
BGD,Bangladesh,2018,300.0,78000.0,78300.0
BGR,Bulgaria,2018,,50.0,50.0
BHS,Bahamas,2018,,230.0,230.0
BIH,Bosnia and Herzegovina,2018,,,0.0
BOL,Bolivia,2018,,2400.0,2400.0
BRA,Brazil,2018,,86000.0,86000.0
BWA,Botswana,2018,,1600.0,1600.0
CAF,Central African Republic,2018,510000.0,9300.0,519300.0
CAN,Canada,2018,,19000.0,19000.0
CHE,Switzerland,2018,,18.0,18.0
CHL,Chile,2018,,2600.0,2600.0
CHN,China,2018,,4033000.0,4033000.0
CIV,Côte d'Ivoire,2018,700.0,3200.0,3900.0
CMR,Cameroon,2018,459000.0,,459000.0
COD,Dem. Rep. Congo,2018,1840000.0,81000.0,1921000.0
COG,Congo,2018,,,0.0
COL,Colombia,2018,145000.0,67000.0,212000.0
CRI,Costa Rica,2018,,5800.0,5800.0
CUB,Cuba,2018,,52000.0,52000.0
CYP,Cyprus,2018,,8.0,8.0
CZE,Czech Republic,2018,,12.0,12.0
DEU,Germany,2018,,510.0,510.0
DJI,Djibouti,2018,,9400.0,9400.0
DMA,Dominica,2018,,350.0,350.0
DOM,Dominican Republic,2018,,27000.0,27000.0
DZA,Algeria,2018,,19.0,19.0
ECU,Ecuador,2018,420.0,4200.0,4620.0
EGY,Egypt,2018,15000.0,8.0,15008.0
ESP,Spain,2018,,5100.0,5100.0
ETH,Ethiopia,2018,2895000.0,296000.0,3191000.0
FIN,Finland,2018,,51.0,51.0
FJI,Fiji,2018,,10000.0,10000.0
FRA,France,2018,,6400.0,6400.0
GBR,United Kingdom,2018,,160.0,160.0
GEO,Georgia,2018,,310.0,310.0
GHA,Ghana,2018,5000.0,61000.0,66000.0
GIN,Guinea,2018,,3900.0,3900.0
GNB,Guinea-Bissau,2018,,3700.0,3700.0
GRC,Greece,2018,,9200.0,9200.0
GRD,Grenada,2018,,27.0,27.0
GRL,Greenland,2018,,170.0,170.0
GTM,Guatemala,2018,,27000.0,27000.0
GUM,Guam,2018,,2400.0,2400.0
GUY,Guyana,2018,,170.0,170.0
HKG,"Hong Kong, China",2018,,1400.0,1400.0
HND,Honduras,2018,950.0,17000.0,17950.0
HRV,Croatia,2018,,140.0,140.0
HTI,Haiti,2018,,8800.0,8800.0
IDN,Indonesia,2018,4500.0,853000.0,857500.0
IND,India,2018,169000.0,2675000.0,2844000.0
IRN,Iran,2018,,74000.0,74000.0
IRQ,Iraq,2018,150000.0,64000.0,214000.0
ISR,Israel,2018,2100.0,80.0,2180.0
ITA,Italy,2018,,3300.0,3300.0
JAM,Jamaica,2018,,7.0,7.0
JOR,Jordan,2018,,2000.0,2000.0
JPN,Japan,2018,,146000.0,146000.0
KAZ,Kazakhstan,2018,,400.0,400.0
KEN,Kenya,2018,10000.0,336000.0,346000.0
KGZ,Kyrgyzstan,2018,,4700.0,4700.0
KHM,Cambodia,2018,,37000.0,37000.0
KOR,Korea,2018,,1100.0,1100.0
LAO,Lao PDR,2018,,19000.0,19000.0
LBN,Lebanon,2018,,,0.0
LBR,Liberia,2018,,15000.0,15000.0
LBY,Libya,2018,70000.0,,70000.0
LKA,Sri Lanka,2018,1100.0,113000.0,114100.0
LSO,Lesotho,2018,,1400.0,1400.0
LVA,Latvia,2018,,24.0,24.0
MAC,"Macao, China",2018,,5600.0,5600.0
MDG,Madagascar,2018,1700.0,77000.0,78700.0
MDV,Maldives,2018,,20.0,20.0
MEX,Mexico,2018,11000.0,20000.0,31000.0
MKD,North Macedonia,2018,,50.0,50.0
MLI,Mali,2018,126000.0,19000.0,145000.0
MMR,Myanmar,2018,42000.0,298000.0,340000.0
MNE,Montenegro,2018,,6.0,6.0
MNG,Mongolia,2018,,5900.0,5900.0
MNP,Northern Mariana Islands,2018,,14000.0,14000.0
MOZ,Mozambique,2018,3800.0,31000.0,34800.0
MRT,Mauritania,2018,,440.0,440.0
MUS,Mauritius,2018,,3600.0,3600.0
MWI,Malawi,2018,,20000.0,20000.0
MYS,Malaysia,2018,,38000.0,38000.0
NAM,Namibia,2018,,13.0,13.0
NCL,New Caledonia,2018,,48.0,48.0
NER,Niger,2018,52000.0,40000.0,92000.0
NGA,Nigeria,2018,541000.0,613000.0,1154000.0
NIC,Nicaragua,2018,,6900.0,6900.0
NPL,Nepal,2018,,12000.0,12000.0
NZL,New Zealand,2018,,990.0,990.0
OMN,Oman,2018,,10000.0,10000.0
PAK,Pakistan,2018,1700.0,1900.0,3600.0
PER,Peru,2018,,8600.0,8600.0
PHL,Philippines,2018,188000.0,3802000.0,3990000.0
PNG,Papua New Guinea,2018,,61000.0,61000.0
PRI,Puerto Rico,2018,,400.0,400.0
PRK,Dem. People's Rep. Korea,2018,,69000.0,69000.0
PRT,Portugal,2018,,410.0,410.0
PRY,Paraguay,2018,,30000.0,30000.0
PSE,Palestine,2018,490.0,,490.0
ROU,Romania,2018,,1200.0,1200.0
RUS,Russia,2018,,3600.0,3600.0
RWA,Rwanda,2018,,47000.0,47000.0
SAU,Saudi Arabia,2018,,2000.0,2000.0
SDN,Sudan,2018,41000.0,121000.0,162000.0
SEN,Senegal,2018,,2.0,2.0
SLB,Solomon Islands,2018,,1100.0,1100.0
SLE,Sierra Leone,2018,3000.0,,3000.0
SLV,El Salvador,2018,246000.0,4700.0,250700.0
SOM,Somalia,2018,578000.0,547000.0,1125000.0
SRB,Serbia,2018,,130.0,130.0
SSD,South Sudan,2018,321000.0,6600.0,327600.0
SVK,Slovakia,2018,,270.0,270.0
SVN,Slovenia,2018,,340.0,340.0
SWE,Sweden,2018,,130.0,130.0
SWZ,Eswatini,2018,,110.0,110.0
SYR,Syria,2018,1649000.0,27000.0,1676000.0
TCD,Chad,2018,,2000.0,2000.0
THA,Thailand,2018,,4600.0,4600.0
TJK,Tajikistan,2018,,5400.0,5400.0
TON,Tonga,2018,,5700.0,5700.0
TTO,Trinidad and Tobago,2018,,860.0,860.0
TUN,Tunisia,2018,,3300.0,3300.0
TUR,Türkiye,2018,,640.0,640.0
TWN,"Taiwan, China",2018,,19000.0,19000.0
TZA,Tanzania,2018,,27000.0,27000.0
UGA,Uganda,2018,9000.0,164000.0,173000.0
UKR,Ukraine,2018,12000.0,,12000.0
URY,Uruguay,2018,,300.0,300.0
USA,United States,2018,,1247000.0,1247000.0
VEN,Venezuela,2018,,32000.0,32000.0
VNM,Viet Nam,2018,,143000.0,143000.0
VUT,Vanuatu,2018,,13000.0,13000.0
WSM,Samoa,2018,,330.0,330.0
XKX,Kosovo,2018,,,0.0
YEM,Yemen,2018,252000.0,22000.0,274000.0
ZAF,South Africa,2018,,2100.0,2100.0
ZMB,Zambia,2018,,21.0,21.0
ZWE,Zimbabwe,2018,,1100.0,1100.0
AB9,Abyei Area,2017,,,0.0
AFG,Afghanistan,2017,474000.0,27000.0,501000.0
AGO,Angola,2017,,14000.0,14000.0
AIA,Anguilla,2017,,500.0,500.0
ALB,Albania,2017,,3500.0,3500.0
ARE,United Arab Emirates,2017,,840.0,840.0
ARG,Argentina,2017,,18000.0,18000.0
ATG,Antigua and Barbuda,2017,,1400.0,1400.0
AUS,Australia,2017,,31000.0,31000.0
AZE,Azerbaijan,2017,,,0.0
BDI,Burundi,2017,14000.0,11000.0,25000.0
BEN,Benin,2017,,3500.0,3500.0
BFA,Burkina Faso,2017,4900.0,8200.0,13100.0
BGD,Bangladesh,2017,6000.0,946000.0,952000.0
BGR,Bulgaria,2017,,22.0,22.0
BHS,Bahamas,2017,,1600.0,1600.0
BIH,Bosnia and Herzegovina,2017,,,0.0
BOL,Bolivia,2017,,3100.0,3100.0
BRA,Brazil,2017,,71000.0,71000.0
BRN,Brunei,2017,,94.0,94.0
BWA,Botswana,2017,,2000.0,2000.0
CAF,Central African Republic,2017,539000.0,2900.0,541900.0
CAN,Canada,2017,,85000.0,85000.0
CHE,Switzerland,2017,,160.0,160.0
CHL,Chile,2017,,9100.0,9100.0
CHN,China,2017,,4463000.0,4463000.0
CIV,Côte d'Ivoire,2017,5500.0,,5500.0
CMR,Cameroon,2017,119000.0,,119000.0
COD,Dem. Rep. Congo,2017,2166000.0,27000.0,2193000.0
COG,Congo,2017,86000.0,,86000.0
COL,Colombia,2017,139000.0,25000.0,164000.0
COM,Comoros,2017,,94.0,94.0
CRI,Costa Rica,2017,,21000.0,21000.0
CUB,Cuba,2017,,1738000.0,1738000.0
CYP,Cyprus,2017,,,0.0
DEU,Germany,2017,,220.0,220.0
DMA,Dominica,2017,,35000.0,35000.0
DOM,Dominican Republic,2017,,69000.0,69000.0
ECU,Ecuador,2017,,3000.0,3000.0
EGY,Egypt,2017,1800.0,,1800.0
ESP,Spain,2017,,7300.0,7300.0
ETH,Ethiopia,2017,725000.0,434000.0,1159000.0
FJI,Fiji,2017,,370.0,370.0
FRA,France,2017,,21000.0,21000.0
GAB,Gabon,2017,,8.0,8.0
GBR,United Kingdom,2017,,6200.0,6200.0
GEO,Georgia,2017,,,0.0
GHA,Ghana,2017,,23000.0,23000.0
GIN,Guinea,2017,,710.0,710.0
GMB,Gambia,2017,162000.0,880.0,162880.0
GRC,Greece,2017,,800.0,800.0
GRD,Grenada,2017,,150.0,150.0
GRL,Greenland,2017,,78.0,78.0
GTM,Guatemala,2017,1200.0,45000.0,46200.0
GUY,Guyana,2017,,200.0,200.0
HKG,"Hong Kong, China",2017,,3300.0,3300.0
HND,Honduras,2017,,,0.0
HRV,Croatia,2017,,230.0,230.0
HTI,Haiti,2017,,15000.0,15000.0
HUN,Hungary,2017,,96.0,96.0
IDN,Indonesia,2017,2700.0,375000.0,377700.0
IND,India,2017,78000.0,1346000.0,1424000.0
IRL,Ireland,2017,,62.0,62.0
IRN,Iran,2017,,225000.0,225000.0
IRQ,Iraq,2017,1379000.0,3900.0,1382900.0
ISL,Iceland,2017,,120.0,120.0
ISR,Israel,2017,2900.0,,2900.0
ITA,Italy,2017,,2100.0,2100.0
JAM,Jamaica,2017,,29.0,29.0
JOR,Jordan,2017,,160.0,160.0
JPN,Japan,2017,,21000.0,21000.0
KAZ,Kazakhstan,2017,,7100.0,7100.0
KEN,Kenya,2017,27000.0,35000.0,62000.0
KGZ,Kyrgyzstan,2017,,3300.0,3300.0
KHM,Cambodia,2017,,15000.0,15000.0
KNA,St. Kitts and Nevis,2017,,33.0,33.0
KOR,Korea,2017,,4300.0,4300.0
LAO,Lao PDR,2017,,190.0,190.0
LBN,Lebanon,2017,200.0,,200.0
LBR,Liberia,2017,,970.0,970.0
LBY,Libya,2017,29000.0,,29000.0
LKA,Sri Lanka,2017,,135000.0,135000.0
MAF,St. Martin (French part),2017,,11000.0,11000.0
MDG,Madagascar,2017,,248000.0,248000.0
MDV,Maldives,2017,,76.0,76.0
MEX,Mexico,2017,20000.0,195000.0,215000.0
MKD,North Macedonia,2017,,,0.0
MLI,Mali,2017,35000.0,6800.0,41800.0
MMR,Myanmar,2017,57000.0,351000.0,408000.0
MNE,Montenegro,2017,,2.0,2.0
MOZ,Mozambique,2017,130.0,170000.0,170130.0
MRT,Mauritania,2017,,2900.0,2900.0
MUS,Mauritius,2017,,100.0,100.0
MWI,Malawi,2017,,84000.0,84000.0
MYS,Malaysia,2017,,82000.0,82000.0
NAM,Namibia,2017,,3400.0,3400.0
NCL,New Caledonia,2017,,570.0,570.0
NER,Niger,2017,40000.0,188000.0,228000.0
NGA,Nigeria,2017,279000.0,122000.0,401000.0
NIC,Nicaragua,2017,,20000.0,20000.0
NOR,Norway,2017,,220.0,220.0
NPL,Nepal,2017,2.0,384000.0,384002.0
NZL,New Zealand,2017,,6200.0,6200.0
OMN,Oman,2017,,320.0,320.0
PAK,Pakistan,2017,75000.0,1800.0,76800.0
PAN,Panama,2017,,300.0,300.0
PER,Peru,2017,,295000.0,295000.0
PHL,Philippines,2017,666000.0,2529000.0,3195000.0
PNG,Papua New Guinea,2017,,1400.0,1400.0
PRI,Puerto Rico,2017,,88000.0,88000.0
PRT,Portugal,2017,,6800.0,6800.0
PRY,Paraguay,2017,,9700.0,9700.0
PSE,Palestine,2017,700.0,77.0,777.0
PYF,French Polynesia,2017,,1100.0,1100.0
RUS,Russia,2017,,7100.0,7100.0
RWA,Rwanda,2017,,5000.0,5000.0
SAU,Saudi Arabia,2017,,100.0,100.0
SDN,Sudan,2017,17000.0,54000.0,71000.0
SEN,Senegal,2017,,630.0,630.0
SLB,Solomon Islands,2017,,580.0,580.0
SLE,Sierra Leone,2017,,12000.0,12000.0
SLV,El Salvador,2017,296000.0,390.0,296390.0
SOM,Somalia,2017,388000.0,892000.0,1280000.0
SRB,Serbia,2017,,42.0,42.0
SSD,South Sudan,2017,857000.0,75000.0,932000.0
SUR,Suriname,2017,,6000.0,6000.0
SXM,Sint Maarten (Dutch part),2017,,13000.0,13000.0
SYR,Syria,2017,2911000.0,2300.0,2913300.0
TCA,Turks and Caicos Islands,2017,,60.0,60.0
TCD,Chad,2017,5800.0,,5800.0
TGO,Togo,2017,2700.0,50.0,2750.0
THA,Thailand,2017,,50000.0,50000.0
TJK,Tajikistan,2017,,4700.0,4700.0
TTO,Trinidad and Tobago,2017,,200.0,200.0
TUN,Tunisia,2017,,990.0,990.0
TUR,Türkiye,2017,,,0.0
TWN,"Taiwan, China",2017,,20000.0,20000.0
TZA,Tanzania,2017,,1900.0,1900.0
UGA,Uganda,2017,1300.0,95000.0,96300.0
UKR,Ukraine,2017,21000.0,,21000.0
URY,Uruguay,2017,,9100.0,9100.0
USA,United States,2017,,1581000.0,1581000.0
VCT,St. Vincent and the Grenadines,2017,,20.0,20.0
VEN,Venezuela,2017,,2100.0,2100.0
VGB,British Virgin Islands,2017,,6000.0,6000.0
VIR,Virgin Islands,2017,,2300.0,2300.0
VNM,Viet Nam,2017,,633000.0,633000.0
VUT,Vanuatu,2017,,14000.0,14000.0
XKX,Kosovo,2017,,,0.0
YEM,Yemen,2017,160000.0,13.0,160013.0
ZAF,South Africa,2017,,15000.0,15000.0
ZMB,Zambia,2017,,2800.0,2800.0
ZWE,Zimbabwe,2017,,10000.0,10000.0
AB9,Abyei Area,2016,,,0.0
AFG,Afghanistan,2016,653000.0,7400.0,660400.0
AGO,Angola,2016,,19000.0,19000.0
ALB,Albania,2016,,3100.0,3100.0
ARG,Argentina,2016,,12000.0,12000.0
ARM,Armenia,2016,,,0.0
AUS,Australia,2016,,3200.0,3200.0
AUT,Austria,2016,,250.0,250.0
AZE,Azerbaijan,2016,,,0.0
BDI,Burundi,2016,16000.0,6600.0,22600.0
BEN,Benin,2016,,960.0,960.0
BFA,Burkina Faso,2016,700.0,16000.0,16700.0
BGD,Bangladesh,2016,,614000.0,614000.0
BGR,Bulgaria,2016,,24.0,24.0
BHS,Bahamas,2016,,3500.0,3500.0
BIH,Bosnia and Herzegovina,2016,,,0.0
BLZ,Belize,2016,,3500.0,3500.0
BOL,Bolivia,2016,,7000.0,7000.0
BRA,Brazil,2016,,14000.0,14000.0
BRB,Barbados,2016,,90.0,90.0
BTN,Bhutan,2016,,640.0,640.0
CAF,Central African Republic,2016,46000.0,7500.0,53500.0
CAN,Canada,2016,,93000.0,93000.0
CHL,Chile,2016,,16000.0,16000.0
CHN,China,2016,,7434000.0,7434000.0
CIV,Côte d'Ivoire,2016,,,0.0
CMR,Cameroon,2016,83000.0,,83000.0
COD,Dem. Rep. Congo,2016,922000.0,130000.0,1052000.0
COG,Congo,2016,25000.0,,25000.0
COK,Cook Islands,2016,,6.0,6.0
COL,Colombia,2016,171000.0,31000.0,202000.0
CPV,Cabo Verde,2016,,300.0,300.0
CRI,Costa Rica,2016,,5800.0,5800.0
CUB,Cuba,2016,,1079000.0,1079000.0
CYP,Cyprus,2016,,40.0,40.0
DEU,Germany,2016,,2000.0,2000.0
DOM,Dominican Republic,2016,,94000.0,94000.0
DZA,Algeria,2016,2800.0,2000.0,4800.0
ECU,Ecuador,2016,,289000.0,289000.0
EGY,Egypt,2016,,820.0,820.0
ESP,Spain,2016,,11000.0,11000.0
ETH,Ethiopia,2016,296000.0,347000.0,643000.0
FJI,Fiji,2016,,76000.0,76000.0
FRA,France,2016,,190.0,190.0
GBR,United Kingdom,2016,,1200.0,1200.0
GEO,Georgia,2016,,,0.0
GHA,Ghana,2016,,7000.0,7000.0
GIN,Guinea,2016,,490.0,490.0
GMB,Gambia,2016,,4600.0,4600.0
GRC,Greece,2016,,2900.0,2900.0
GTM,Guatemala,2016,6200.0,1700.0,7900.0
HKG,"Hong Kong, China",2016,,220.0,220.0
HND,Honduras,2016,16000.0,890.0,16890.0
HTI,Haiti,2016,,356000.0,356000.0
IDN,Indonesia,2016,,1204000.0,1204000.0
IND,India,2016,448000.0,2400000.0,2848000.0
IRN,Iran,2016,,78.0,78.0
IRQ,Iraq,2016,659000.0,,659000.0
ISR,Israel,2016,1800.0,75000.0,76800.0
ITA,Italy,2016,,31000.0,31000.0
JAM,Jamaica,2016,,7000.0,7000.0
JPN,Japan,2016,,863000.0,863000.0
KAZ,Kazakhstan,2016,,1000.0,1000.0
KEN,Kenya,2016,,49000.0,49000.0
KGZ,Kyrgyzstan,2016,,39.0,39.0
KHM,Cambodia,2016,,8300.0,8300.0
KOR,Korea,2016,,7500.0,7500.0
LAO,Lao PDR,2016,,660.0,660.0
LBN,Lebanon,2016,110.0,,110.0
LBR,Liberia,2016,,10000.0,10000.0
LBY,Libya,2016,156000.0,,156000.0
LCA,St. Lucia,2016,,260.0,260.0
LKA,Sri Lanka,2016,,500000.0,500000.0
MDG,Madagascar,2016,,51000.0,51000.0
MEX,Mexico,2016,23000.0,12000.0,35000.0
MKD,North Macedonia,2016,,,0.0
MLI,Mali,2016,6300.0,8000.0,14300.0
MMR,Myanmar,2016,32000.0,509000.0,541000.0
MNE,Montenegro,2016,,400.0,400.0
MOZ,Mozambique,2016,15000.0,7000.0,22000.0
MUS,Mauritius,2016,,300.0,300.0
MWI,Malawi,2016,,9500.0,9500.0
MYS,Malaysia,2016,,18000.0,18000.0
NER,Niger,2016,166000.0,46000.0,212000.0
NGA,Nigeria,2016,501000.0,78000.0,579000.0
NIC,Nicaragua,2016,,18000.0,18000.0
NOR,Norway,2016,,260.0,260.0
NPL,Nepal,2016,,31000.0,31000.0
NZL,New Zealand,2016,,1800.0,1800.0
PAK,Pakistan,2016,2400.0,13000.0,15400.0
PAN,Panama,2016,,1100.0,1100.0
PER,Peru,2016,,17000.0,17000.0
PHL,Philippines,2016,280000.0,5930000.0,6210000.0
PNG,Papua New Guinea,2016,290.0,1600.0,1890.0
PRK,Dem. People's Rep. Korea,2016,,107000.0,107000.0
PRT,Portugal,2016,,1100.0,1100.0
PRY,Paraguay,2016,,3600.0,3600.0
PSE,Palestine,2016,1600.0,510.0,2110.0
ROU,Romania,2016,,1500.0,1500.0
RUS,Russia,2016,,3600.0,3600.0
RWA,Rwanda,2016,,9700.0,9700.0
SAU,Saudi Arabia,2016,,280.0,280.0
SDN,Sudan,2016,97000.0,123000.0,220000.0
SEN,Senegal,2016,,24000.0,24000.0
SLB,Solomon Islands,2016,,1300.0,1300.0
SLV,El Salvador,2016,220000.0,480.0,220480.0
SOM,Somalia,2016,175000.0,70000.0,245000.0
SRB,Serbia,2016,,39.0,39.0
SSD,South Sudan,2016,281000.0,,281000.0
SYC,Seychelles,2016,,20.0,20.0
SYR,Syria,2016,2148000.0,,2148000.0
TCA,Turks and Caicos Islands,2016,,100.0,100.0
TCD,Chad,2016,36000.0,5600.0,41600.0
TGO,Togo,2016,,,0.0
THA,Thailand,2016,,90000.0,90000.0
TJK,Tajikistan,2016,,2400.0,2400.0
TLS,Timor-Leste,2016,,110.0,110.0
TON,Tonga,2016,,3000.0,3000.0
TUR,Türkiye,2016,204000.0,200.0,204200.0
TWN,"Taiwan, China",2016,,45000.0,45000.0
TZA,Tanzania,2016,,36000.0,36000.0
UGA,Uganda,2016,23000.0,2500.0,25500.0
UKR,Ukraine,2016,109000.0,130.0,109130.0
URY,Uruguay,2016,,12000.0,12000.0
USA,United States,2016,,1127000.0,1127000.0
VCT,St. Vincent and the Grenadines,2016,,630.0,630.0
VEN,Venezuela,2016,,230.0,230.0
VNM,Viet Nam,2016,,81000.0,81000.0
WSM,Samoa,2016,,63.0,63.0
XKX,Kosovo,2016,,10.0,10.0
YEM,Yemen,2016,478000.0,45000.0,523000.0
ZAF,South Africa,2016,,12000.0,12000.0
ZWE,Zimbabwe,2016,,400.0,400.0
AB9,Abyei Area,2015,,,0.0
AFG,Afghanistan,2015,335000.0,71000.0,406000.0
AGO,Angola,2015,,5600.0,5600.0
ALB,Albania,2015,,4200.0,4200.0
ARG,Argentina,2015,,36000.0,36000.0
ARM,Armenia,2015,,,0.0
AUS,Australia,2015,,5700.0,5700.0
AZE,Azerbaijan,2015,,,0.0
BDI,Burundi,2015,23000.0,3100.0,26100.0
BFA,Burkina Faso,2015,,3700.0,3700.0
BGD,Bangladesh,2015,,531000.0,531000.0
BGR,Bulgaria,2015,,820.0,820.0
BHS,Bahamas,2015,,2800.0,2800.0
BIH,Bosnia and Herzegovina,2015,,320.0,320.0
BLZ,Belize,2015,,250.0,250.0
BOL,Bolivia,2015,,11000.0,11000.0
BRA,Brazil,2015,,59000.0,59000.0
BTN,Bhutan,2015,,2900.0,2900.0
BWA,Botswana,2015,,250.0,250.0
CAF,Central African Republic,2015,210000.0,1100.0,211100.0
CAN,Canada,2015,,13000.0,13000.0
CHE,Switzerland,2015,,360.0,360.0
CHL,Chile,2015,,1047000.0,1047000.0
CHN,China,2015,,3602000.0,3602000.0
CIV,Côte d'Ivoire,2015,3200.0,,3200.0
CMR,Cameroon,2015,71000.0,11000.0,82000.0
COD,Dem. Rep. Congo,2015,621000.0,106000.0,727000.0
COG,Congo,2015,,,0.0
COL,Colombia,2015,224000.0,4600.0,228600.0
CPV,Cabo Verde,2015,,190.0,190.0
CRI,Costa Rica,2015,,1100.0,1100.0
CUB,Cuba,2015,,2000.0,2000.0
CYP,Cyprus,2015,,,0.0
DMA,Dominica,2015,,710.0,710.0
DOM,Dominican Republic,2015,,28000.0,28000.0
DZA,Algeria,2015,,19000.0,19000.0
ECU,Ecuador,2015,,1900.0,1900.0
EGY,Egypt,2015,8400.0,100.0,8500.0
ESP,Spain,2015,,4100.0,4100.0
ETH,Ethiopia,2015,56000.0,104000.0,160000.0
FRA,France,2015,,120.0,120.0
FSM,Micronesia,2015,,6800.0,6800.0
GBR,United Kingdom,2015,,6100.0,6100.0
GEO,Georgia,2015,,1200.0,1200.0
GHA,Ghana,2015,,9300.0,9300.0
GIN,Guinea,2015,,34000.0,34000.0
GRC,Greece,2015,,270.0,270.0
GTM,Guatemala,2015,,2900.0,2900.0
HND,Honduras,2015,,2000.0,2000.0
HRV,Croatia,2015,,1000.0,1000.0
HTI,Haiti,2015,,1500.0,1500.0
IDN,Indonesia,2015,150.0,204000.0,204150.0
IND,India,2015,1000.0,3655000.0,3656000.0
IRL,Ireland,2015,,1600.0,1600.0
IRN,Iran,2015,,5400.0,5400.0
IRQ,Iraq,2015,1114000.0,22000.0,1136000.0
ITA,Italy,2015,,1300.0,1300.0
JPN,Japan,2015,,486000.0,486000.0
KAZ,Kazakhstan,2015,,19000.0,19000.0
KEN,Kenya,2015,,105000.0,105000.0
KGZ,Kyrgyzstan,2015,,5900.0,5900.0
KHM,Cambodia,2015,,8900.0,8900.0
KIR,Kiribati,2015,,2500.0,2500.0
LAO,Lao PDR,2015,,12000.0,12000.0
LBN,Lebanon,2015,3000.0,110.0,3110.0
LBY,Libya,2015,100000.0,,100000.0
LKA,Sri Lanka,2015,,66000.0,66000.0
MDG,Madagascar,2015,,87000.0,87000.0
MEX,Mexico,2015,6000.0,91000.0,97000.0
MKD,North Macedonia,2015,,,0.0
MLI,Mali,2015,,400.0,400.0
MMR,Myanmar,2015,16000.0,1618000.0,1634000.0
MNG,Mongolia,2015,,810.0,810.0
MOZ,Mozambique,2015,,61000.0,61000.0
MUS,Mauritius,2015,,1400.0,1400.0
MWI,Malawi,2015,,343000.0,343000.0
MYS,Malaysia,2015,,21000.0,21000.0
NAM,Namibia,2015,,8.0,8.0
NER,Niger,2015,47000.0,38000.0,85000.0
NGA,Nigeria,2015,737000.0,100000.0,837000.0
NIC,Nicaragua,2015,,1100.0,1100.0
NOR,Norway,2015,,220.0,220.0
NPL,Nepal,2015,,2623000.0,2623000.0
NZL,New Zealand,2015,,440.0,440.0
PAK,Pakistan,2015,,1002000.0,1002000.0
PAN,Panama,2015,,100.0,100.0
PER,Peru,2015,,8400.0,8400.0
PHL,Philippines,2015,288000.0,2221000.0,2509000.0
PNG,Papua New Guinea,2015,,,0.0
PRK,Dem. People's Rep. Korea,2015,,6000.0,6000.0
PRT,Portugal,2015,,10.0,10.0
PRY,Paraguay,2015,,171000.0,171000.0
PSE,Palestine,2015,740.0,10000.0,10740.0
ROU,Romania,2015,,160.0,160.0
RUS,Russia,2015,,6600.0,6600.0
RWA,Rwanda,2015,,2000.0,2000.0
SDN,Sudan,2015,144000.0,8300.0,152300.0
SEN,Senegal,2015,,,0.0
SLB,Solomon Islands,2015,,1000.0,1000.0
SLV,El Salvador,2015,170000.0,2000.0,172000.0
SOM,Somalia,2015,90000.0,59000.0,149000.0
SSD,South Sudan,2015,199000.0,15000.0,214000.0
SWE,Sweden,2015,,100.0,100.0
SYR,Syria,2015,1300000.0,,1300000.0
TCD,Chad,2015,36000.0,,36000.0
TGO,Togo,2015,,5000.0,5000.0
THA,Thailand,2015,,240.0,240.0
TJK,Tajikistan,2015,,11000.0,11000.0
TLS,Timor-Leste,2015,,310.0,310.0
TUN,Tunisia,2015,,120.0,120.0
TUR,Türkiye,2015,,1500.0,1500.0
TUV,Tuvalu,2015,,5400.0,5400.0
TWN,"Taiwan, China",2015,,27000.0,27000.0
TZA,Tanzania,2015,,3500.0,3500.0
UGA,Uganda,2015,,600.0,600.0
UKR,Ukraine,2015,942000.0,,942000.0
URY,Uruguay,2015,,24000.0,24000.0
USA,United States,2015,,63000.0,63000.0
VEN,Venezuela,2015,,45000.0,45000.0
VNM,Viet Nam,2015,,9600.0,9600.0
VUT,Vanuatu,2015,,65000.0,65000.0
WSM,Samoa,2015,,960.0,960.0
XKX,Kosovo,2015,,,0.0
YEM,Yemen,2015,2175000.0,83000.0,2258000.0
ZAF,South Africa,2015,,14.0,14.0
ZMB,Zambia,2015,,25.0,25.0
ZWE,Zimbabwe,2015,,800.0,800.0
AB9,Abyei Area,2014,,,0.0
AFG,Afghanistan,2014,156000.0,13000.0,169000.0
ALB,Albania,2014,,24.0,24.0
ARG,Argentina,2014,,32000.0,32000.0
ARM,Armenia,2014,,,0.0
AUS,Australia,2014,,1200.0,1200.0
AZE,Azerbaijan,2014,,,0.0
BDI,Burundi,2014,,12000.0,12000.0
BGD,Bangladesh,2014,,543000.0,543000.0
BGR,Bulgaria,2014,,2300.0,2300.0
BIH,Bosnia and Herzegovina,2014,,91000.0,91000.0
BOL,Bolivia,2014,,190000.0,190000.0
BRA,Brazil,2014,,150000.0,150000.0
BRN,Brunei,2014,,51.0,51.0
BWA,Botswana,2014,,2000.0,2000.0
CAF,Central African Republic,2014,173000.0,940.0,173940.0
CAN,Canada,2014,,5800.0,5800.0
CHL,Chile,2014,,985000.0,985000.0
CHN,China,2014,,3612000.0,3612000.0
CIV,Côte d'Ivoire,2014,5500.0,4500.0,10000.0
CMR,Cameroon,2014,40000.0,3500.0,43500.0
COD,Dem. Rep. Congo,2014,1003000.0,24000.0,1027000.0
COG,Congo,2014,,,0.0
COL,Colombia,2014,137000.0,20000.0,157000.0
COM,Comoros,2014,,12000.0,12000.0
CPV,Cabo Verde,2014,,2500.0,2500.0
CYP,Cyprus,2014,,,0.0
DOM,Dominican Republic,2014,,11000.0,11000.0
DZA,Algeria,2014,,4500.0,4500.0
ECU,Ecuador,2014,,570.0,570.0
EGY,Egypt,2014,4700.0,200.0,4900.0
ERI,Eritrea,2014,,,0.0
ESP,Spain,2014,,3800.0,3800.0
ETH,Ethiopia,2014,137000.0,49000.0,186000.0
FJI,Fiji,2014,,800.0,800.0
FRA,France,2014,,4100.0,4100.0
GBR,United Kingdom,2014,,620.0,620.0
GEO,Georgia,2014,,120.0,120.0
GRC,Greece,2014,,8200.0,8200.0
GTM,Guatemala,2014,1400.0,10000.0,11400.0
HND,Honduras,2014,,2500.0,2500.0
HRV,Croatia,2014,,18000.0,18000.0
HTI,Haiti,2014,,6500.0,6500.0
HUN,Hungary,2014,,290.0,290.0
IDN,Indonesia,2014,800.0,943000.0,943800.0
IND,India,2014,345000.0,3428000.0,3773000.0
IRN,Iran,2014,,12000.0,12000.0
IRQ,Iraq,2014,2177000.0,,2177000.0
ISR,Israel,2014,10000.0,700.0,10700.0
ITA,Italy,2014,,1600.0,1600.0
JPN,Japan,2014,,707000.0,707000.0
KEN,Kenya,2014,220000.0,1400.0,221400.0
KHM,Cambodia,2014,,151000.0,151000.0
LAO,Lao PDR,2014,,790.0,790.0
LBN,Lebanon,2014,,1300.0,1300.0
LBR,Liberia,2014,,650.0,650.0
LBY,Libya,2014,341000.0,,341000.0
LKA,Sri Lanka,2014,,152000.0,152000.0
LSO,Lesotho,2014,,2600.0,2600.0
MAR,Morocco,2014,,1700.0,1700.0
MDG,Madagascar,2014,,2800.0,2800.0
MEX,Mexico,2014,9000.0,18000.0,27000.0
MHL,Marshall Islands,2014,,1200.0,1200.0
MKD,North Macedonia,2014,,,0.0
MLI,Mali,2014,19000.0,,19000.0
MMR,Myanmar,2014,6200.0,81000.0,87200.0
MOZ,Mozambique,2014,,21000.0,21000.0
MWI,Malawi,2014,,600.0,600.0
MYS,Malaysia,2014,,256000.0,256000.0
NAM,Namibia,2014,,160.0,160.0
NER,Niger,2014,,47000.0,47000.0
NGA,Nigeria,2014,975000.0,3000.0,978000.0
NIC,Nicaragua,2014,,35000.0,35000.0
NOR,Norway,2014,,680.0,680.0
NPL,Nepal,2014,,74000.0,74000.0
PAK,Pakistan,2014,907000.0,771000.0,1678000.0
PAN,Panama,2014,,320.0,320.0
PER,Peru,2014,,950.0,950.0
PHL,Philippines,2014,124000.0,5787000.0,5911000.0
PNG,Papua New Guinea,2014,1200.0,21000.0,22200.0
PRY,Paraguay,2014,,84000.0,84000.0
PSE,Palestine,2014,501000.0,200.0,501200.0
ROU,Romania,2014,,2200.0,2200.0
RUS,Russia,2014,,23000.0,23000.0
SDN,Sudan,2014,558000.0,187000.0,745000.0
SEN,Senegal,2014,,,0.0
SLB,Solomon Islands,2014,,9000.0,9000.0
SLV,El Salvador,2014,191000.0,22.0,191022.0
SOM,Somalia,2014,89000.0,36000.0,125000.0
SRB,Serbia,2014,,33000.0,33000.0
SSD,South Sudan,2014,1304000.0,112000.0,1416000.0
SWE,Sweden,2014,,1000.0,1000.0
SYC,Seychelles,2014,,7.0,7.0
SYR,Syria,2014,1100000.0,2300.0,1102300.0
TCD,Chad,2014,,9900.0,9900.0
TGO,Togo,2014,,,0.0
THA,Thailand,2014,,27000.0,27000.0
TJK,Tajikistan,2014,,460.0,460.0
TKM,Turkmenistan,2014,,,0.0
TLS,Timor-Leste,2014,2100.0,2300.0,4400.0
TON,Tonga,2014,,5300.0,5300.0
TUR,Türkiye,2014,,480.0,480.0
TWN,"Taiwan, China",2014,,9400.0,9400.0
TZA,Tanzania,2014,,14000.0,14000.0
UGA,Uganda,2014,,50000.0,50000.0
UKR,Ukraine,2014,646000.0,,646000.0
URY,Uruguay,2014,,4900.0,4900.0
USA,United States,2014,,34000.0,34000.0
UZB,Uzbekistan,2014,,,0.0
VNM,Viet Nam,2014,,68000.0,68000.0
VUT,Vanuatu,2014,,350.0,350.0
WSM,Samoa,2014,,86.0,86.0
XKX,Kosovo,2014,,,0.0
YEM,Yemen,2014,100000.0,,100000.0
ZAF,South Africa,2014,,3500.0,3500.0
ZMB,Zambia,2014,,26000.0,26000.0
ZWE,Zimbabwe,2014,,23000.0,23000.0
AFG,Afghanistan,2013,124000.0,15000.0,139000.0
AGO,Angola,2013,,2400.0,2400.0
ALB,Albania,2013,,450.0,450.0
ARG,Argentina,2013,,6900.0,6900.0
ARM,Armenia,2013,,,0.0
AUS,Australia,2013,,13000.0,13000.0
AUT,Austria,2013,,1000.0,1000.0
AZE,Azerbaijan,2013,,,0.0
BDI,Burundi,2013,,,0.0
BEN,Benin,2013,,15000.0,15000.0
BFA,Burkina Faso,2013,,1800.0,1800.0
BGD,Bangladesh,2013,,1160000.0,1160000.0
BIH,Bosnia and Herzegovina,2013,,,0.0
BLZ,Belize,2013,,130.0,130.0
BOL,Bolivia,2013,,4700.0,4700.0
BRA,Brazil,2013,,82000.0,82000.0
BWA,Botswana,2013,,1200.0,1200.0
CAF,Central African Republic,2013,935000.0,14000.0,949000.0
CAN,Canada,2013,,120000.0,120000.0
CHE,Switzerland,2013,,13.0,13.0
CHL,Chile,2013,,3600.0,3600.0
CHN,China,2013,,5924000.0,5924000.0
CIV,Côte d'Ivoire,2013,30000.0,78.0,30078.0
CMR,Cameroon,2013,,10000.0,10000.0
COD,Dem. Rep. Congo,2013,1000000.0,3800.0,1003800.0
COG,Congo,2013,,,0.0
COL,Colombia,2013,157000.0,11000.0,168000.0
CRI,Costa Rica,2013,,65.0,65.0
CYP,Cyprus,2013,,,0.0
CZE,Czech Republic,2013,,26000.0,26000.0
DEU,Germany,2013,,53000.0,53000.0
DMA,Dominica,2013,,18.0,18.0
DOM,Dominican Republic,2013,,14000.0,14000.0
DZA,Algeria,2013,,340.0,340.0
ECU,Ecuador,2013,,7500.0,7500.0
ERI,Eritrea,2013,,100.0,100.0
ESP,Spain,2013,,2600.0,2600.0
ETH,Ethiopia,2013,179000.0,61000.0,240000.0
FIN,Finland,2013,,30.0,30.0
FRA,France,2013,,6700.0,6700.0
GAB,Gabon,2013,,1800.0,1800.0
GBR,United Kingdom,2013,,20000.0,20000.0
GEO,Georgia,2013,,1500.0,1500.0
GHA,Ghana,2013,,31000.0,31000.0
GIN,Guinea,2013,,300.0,300.0
GMB,Gambia,2013,,400.0,400.0
GRC,Greece,2013,,60.0,60.0
GTM,Guatemala,2013,,80.0,80.0
HTI,Haiti,2013,,1100.0,1100.0
HUN,Hungary,2013,,1300.0,1300.0
IDN,Indonesia,2013,3000.0,427000.0,430000.0
IND,India,2013,64000.0,2145000.0,2209000.0
IRN,Iran,2013,,4700.0,4700.0
IRQ,Iraq,2013,12000.0,7900.0,19900.0
ISR,Israel,2013,,200.0,200.0
ITA,Italy,2013,,3700.0,3700.0
JOR,Jordan,2013,,420.0,420.0
JPN,Japan,2013,,639000.0,639000.0
KAZ,Kazakhstan,2013,,330.0,330.0
KEN,Kenya,2013,55000.0,180000.0,235000.0
KHM,Cambodia,2013,,144000.0,144000.0
KOR,Korea,2013,,4200.0,4200.0
LAO,Lao PDR,2013,,9900.0,9900.0
LBN,Lebanon,2013,,,0.0
LBR,Liberia,2013,10000.0,,10000.0
LBY,Libya,2013,,3000.0,3000.0
LCA,St. Lucia,2013,,1200.0,1200.0
LKA,Sri Lanka,2013,,324000.0,324000.0
MDG,Madagascar,2013,,20000.0,20000.0
MEX,Mexico,2013,20000.0,158000.0,178000.0
MKD,North Macedonia,2013,,1600.0,1600.0
MLI,Mali,2013,123000.0,24000.0,147000.0
MMR,Myanmar,2013,54000.0,223000.0,277000.0
MOZ,Mozambique,2013,,186000.0,186000.0
MRT,Mauritania,2013,,4600.0,4600.0
MWI,Malawi,2013,,33000.0,33000.0
MYS,Malaysia,2013,,43000.0,43000.0
NAM,Namibia,2013,,18000.0,18000.0
NER,Niger,2013,,201000.0,201000.0
NGA,Nigeria,2013,470000.0,117000.0,587000.0
NIC,Nicaragua,2013,,160.0,160.0
NPL,Nepal,2013,,12000.0,12000.0
NZL,New Zealand,2013,,210.0,210.0
OMN,Oman,2013,,350.0,350.0
PAK,Pakistan,2013,140000.0,407000.0,547000.0
PAN,Panama,2013,,1700.0,1700.0
PER,Peru,2013,,28000.0,28000.0
PHL,Philippines,2013,327000.0,7022000.0,7349000.0
PLW,Palau,2013,,1500.0,1500.0
PNG,Papua New Guinea,2013,,46.0,46.0
PRK,Dem. People's Rep. Korea,2013,,82000.0,82000.0
PRY,Paraguay,2013,,28000.0,28000.0
PSE,Palestine,2013,1100.0,11000.0,12100.0
RUS,Russia,2013,,29000.0,29000.0
RWA,Rwanda,2013,,1000.0,1000.0
SAU,Saudi Arabia,2013,,4700.0,4700.0
SDN,Sudan,2013,470000.0,284000.0,754000.0
SEN,Senegal,2013,,13000.0,13000.0
SLB,Solomon Islands,2013,,3500.0,3500.0
SLE,Sierra Leone,2013,,8400.0,8400.0
SLV,El Salvador,2013,,2300.0,2300.0
SOM,Somalia,2013,80000.0,60000.0,140000.0
SRB,Serbia,2013,,190.0,190.0
SSD,South Sudan,2013,383000.0,116000.0,499000.0
SUR,Suriname,2013,,300.0,300.0
SYC,Seychelles,2013,,1100.0,1100.0
SYR,Syria,2013,3500000.0,,3500000.0
TCD,Chad,2013,,88000.0,88000.0
TGO,Togo,2013,,120.0,120.0
THA,Thailand,2013,100.0,13000.0,13100.0
TJK,Tajikistan,2013,,660.0,660.0
TKM,Turkmenistan,2013,,,0.0
TLS,Timor-Leste,2013,,1300.0,1300.0
TON,Tonga,2013,,17.0,17.0
TTO,Trinidad and Tobago,2013,,29.0,29.0
TUN,Tunisia,2013,,6.0,6.0
TUR,Türkiye,2013,,,0.0
TWN,"Taiwan, China",2013,,22000.0,22000.0
UGA,Uganda,2013,,30000.0,30000.0
UKR,Ukraine,2013,,600.0,600.0
URY,Uruguay,2013,,1000.0,1000.0
USA,United States,2013,,188000.0,188000.0
UZB,Uzbekistan,2013,,,0.0
VCT,St. Vincent and the Grenadines,2013,,2300.0,2300.0
VNM,Viet Nam,2013,,1040000.0,1040000.0
VUT,Vanuatu,2013,,69.0,69.0
XKX,Kosovo,2013,,1000.0,1000.0
YEM,Yemen,2013,20000.0,10000.0,30000.0
ZAF,South Africa,2013,,18000.0,18000.0
ZMB,Zambia,2013,,5500.0,5500.0
ZWE,Zimbabwe,2013,,44000.0,44000.0
AFG,Afghanistan,2012,100000.0,30000.0,130000.0
AGO,Angola,2012,,6400.0,6400.0
ARG,Argentina,2012,,2000.0,2000.0
ARM,Armenia,2012,,,0.0
AUS,Australia,2012,,16000.0,16000.0
AZE,Azerbaijan,2012,,36000.0,36000.0
BDI,Burundi,2012,,,0.0
BEN,Benin,2012,,10000.0,10000.0
BGD,Bangladesh,2012,5000.0,651000.0,656000.0
BGR,Bulgaria,2012,,2100.0,2100.0
BIH,Bosnia and Herzegovina,2012,,,0.0
BOL,Bolivia,2012,,9000.0,9000.0
BRA,Brazil,2012,,35000.0,35000.0
CAF,Central African Republic,2012,106000.0,18000.0,124000.0
CHL,Chile,2012,,7300.0,7300.0
CHN,China,2012,,5731000.0,5731000.0
CIV,Côte d'Ivoire,2012,24000.0,,24000.0
CMR,Cameroon,2012,,30000.0,30000.0
COD,Dem. Rep. Congo,2012,1000000.0,23000.0,1023000.0
COG,Congo,2012,,,0.0
COL,Colombia,2012,230000.0,71000.0,301000.0
COM,Comoros,2012,,11000.0,11000.0
CRI,Costa Rica,2012,,2000.0,2000.0
CUB,Cuba,2012,,352000.0,352000.0
CYP,Cyprus,2012,,,0.0
DOM,Dominican Republic,2012,,43000.0,43000.0
ECU,Ecuador,2012,,4800.0,4800.0
ERI,Eritrea,2012,,,0.0
ESP,Spain,2012,,22000.0,22000.0
ETH,Ethiopia,2012,,20000.0,20000.0
FJI,Fiji,2012,,27000.0,27000.0
GAB,Gabon,2012,,1600.0,1600.0
GBR,United Kingdom,2012,,300.0,300.0
GEO,Georgia,2012,,,0.0
GMB,Gambia,2012,,7700.0,7700.0
GTM,Guatemala,2012,,64000.0,64000.0
HTI,Haiti,2012,,86000.0,86000.0
IDN,Indonesia,2012,5000.0,104000.0,109000.0
IND,India,2012,500000.0,9110000.0,9610000.0
IRN,Iran,2012,,50000.0,50000.0
IRQ,Iraq,2012,,,0.0
ITA,Italy,2012,,17000.0,17000.0
JAM,Jamaica,2012,,2000.0,2000.0
JPN,Japan,2012,,308000.0,308000.0
KAZ,Kazakhstan,2012,,5100.0,5100.0
KEN,Kenya,2012,118000.0,98000.0,216000.0
KGZ,Kyrgyzstan,2012,,,0.0
LBN,Lebanon,2012,,,0.0
LBR,Liberia,2012,,,0.0
LBY,Libya,2012,,,0.0
LKA,Sri Lanka,2012,,129000.0,129000.0
MAR,Morocco,2012,,580.0,580.0
MDG,Madagascar,2012,,268000.0,268000.0
MEX,Mexico,2012,,6500.0,6500.0
MKD,North Macedonia,2012,,,0.0
MLI,Mali,2012,227000.0,9000.0,236000.0
MMR,Myanmar,2012,166000.0,74000.0,240000.0
MNE,Montenegro,2012,,800.0,800.0
MOZ,Mozambique,2012,,10000.0,10000.0
MWI,Malawi,2012,,6200.0,6200.0
MYS,Malaysia,2012,,22000.0,22000.0
NAM,Namibia,2012,,400.0,400.0
NER,Niger,2012,,540000.0,540000.0
NGA,Nigeria,2012,63000.0,3894000.0,3957000.0
NPL,Nepal,2012,,600.0,600.0
NZL,New Zealand,2012,,450.0,450.0
PAK,Pakistan,2012,412000.0,1857000.0,2269000.0
PAN,Panama,2012,,3400.0,3400.0
PER,Peru,2012,,184000.0,184000.0
PHL,Philippines,2012,178000.0,3859000.0,4037000.0
PLW,Palau,2012,,150.0,150.0
PNG,Papua New Guinea,2012,,75000.0,75000.0
PRK,Dem. People's Rep. Korea,2012,,232000.0,232000.0
PSE,Palestine,2012,12000.0,1200.0,13200.0
RUS,Russia,2012,,32000.0,32000.0
RWA,Rwanda,2012,,3200.0,3200.0
SDN,Sudan,2012,500000.0,84000.0,584000.0
SEN,Senegal,2012,170.0,20000.0,20170.0
SLB,Solomon Islands,2012,,1000.0,1000.0
SOM,Somalia,2012,185000.0,28000.0,213000.0
SRB,Serbia,2012,,,0.0
SSD,South Sudan,2012,190000.0,340000.0,530000.0
SYR,Syria,2012,2400000.0,,2400000.0
TCD,Chad,2012,,500000.0,500000.0
TGO,Togo,2012,,,0.0
THA,Thailand,2012,,3400.0,3400.0
TJK,Tajikistan,2012,,6400.0,6400.0
TKM,Turkmenistan,2012,,,0.0
TLS,Timor-Leste,2012,,,0.0
TON,Tonga,2012,,400.0,400.0
TUR,Türkiye,2012,200.0,,200.0
TWN,"Taiwan, China",2012,,6000.0,6000.0
TZA,Tanzania,2012,,10000.0,10000.0
UGA,Uganda,2012,,220.0,220.0
USA,United States,2012,,901000.0,901000.0
UZB,Uzbekistan,2012,,,0.0
VEN,Venezuela,2012,,1000.0,1000.0
VNM,Viet Nam,2012,,15000.0,15000.0
VUT,Vanuatu,2012,,700.0,700.0
WSM,Samoa,2012,,7700.0,7700.0
XKX,Kosovo,2012,,,0.0
YEM,Yemen,2012,132000.0,,132000.0
ZAF,South Africa,2012,,2000.0,2000.0
ZWE,Zimbabwe,2012,280.0,,280.0
AFG,Afghanistan,2011,186000.0,3000.0,189000.0
AGO,Angola,2011,,227000.0,227000.0
ARM,Armenia,2011,,,0.0
AUS,Australia,2011,,10000.0,10000.0
AZE,Azerbaijan,2011,,,0.0
BDI,Burundi,2011,,,0.0
BGD,Bangladesh,2011,600.0,400000.0,400600.0
BIH,Bosnia and Herzegovina,2011,,,0.0
BOL,Bolivia,2011,,11000.0,11000.0
BRA,Brazil,2011,,170000.0,170000.0
BTN,Bhutan,2011,,20000.0,20000.0
CAF,Central African Republic,2011,22000.0,,22000.0
CHL,Chile,2011,,4000.0,4000.0
CHN,China,2011,,4490000.0,4490000.0
CIV,Côte d'Ivoire,2011,1000000.0,,1000000.0
COD,Dem. Rep. Congo,2011,168000.0,12000.0,180000.0
COG,Congo,2011,,,0.0
COL,Colombia,2011,103000.0,149000.0,252000.0
CRI,Costa Rica,2011,,2100.0,2100.0
CYP,Cyprus,2011,,,0.0
DMA,Dominica,2011,,96.0,96.0
DOM,Dominican Republic,2011,,17000.0,17000.0
ERI,Eritrea,2011,,,0.0
ESP,Spain,2011,,15000.0,15000.0
ETH,Ethiopia,2011,50000.0,,50000.0
GEO,Georgia,2011,,,0.0
GHA,Ghana,2011,,49000.0,49000.0
GIN,Guinea,2011,,4500.0,4500.0
GTM,Guatemala,2011,,29000.0,29000.0
HND,Honduras,2011,,12000.0,12000.0
HRV,Croatia,2011,,,0.0
HTI,Haiti,2011,,500.0,500.0
IDN,Indonesia,2011,15000.0,7400.0,22400.0
IND,India,2011,53000.0,1503000.0,1556000.0
IRQ,Iraq,2011,8000.0,2000.0,10000.0
ISR,Israel,2011,480.0,,480.0
JPN,Japan,2011,,892000.0,892000.0
KAZ,Kazakhstan,2011,,9000.0,9000.0
KEN,Kenya,2011,50000.0,19000.0,69000.0
KGZ,Kyrgyzstan,2011,,,0.0
KHM,Cambodia,2011,,214000.0,214000.0
KOR,Korea,2011,,5500.0,5500.0
LAO,Lao PDR,2011,,50000.0,50000.0
LBN,Lebanon,2011,,,0.0
LBR,Liberia,2011,,,0.0
LBY,Libya,2011,498000.0,,498000.0
LKA,Sri Lanka,2011,,685000.0,685000.0
LSO,Lesotho,2011,,3400.0,3400.0
MDG,Madagascar,2011,,26000.0,26000.0
MEX,Mexico,2011,26000.0,547000.0,573000.0
MKD,North Macedonia,2011,,,0.0
MLI,Mali,2011,,18000.0,18000.0
MMR,Myanmar,2011,50000.0,13000.0,63000.0
MOZ,Mozambique,2011,,22000.0,22000.0
MWI,Malawi,2011,,25000.0,25000.0
MYS,Malaysia,2011,,24000.0,24000.0
NAM,Namibia,2011,,60000.0,60000.0
NER,Niger,2011,,28000.0,28000.0
NGA,Nigeria,2011,65000.0,6300.0,71300.0
NIC,Nicaragua,2011,,10000.0,10000.0
NPL,Nepal,2011,,46000.0,46000.0
NZL,New Zealand,2011,,2300.0,2300.0
PAK,Pakistan,2011,190000.0,300000.0,490000.0
PER,Peru,2011,,2700.0,2700.0
PHL,Philippines,2011,97000.0,2499000.0,2596000.0
PRK,Dem. People's Rep. Korea,2011,,25000.0,25000.0
PSE,Palestine,2011,1100.0,,1100.0
RUS,Russia,2011,,3500.0,3500.0
RWA,Rwanda,2011,,1900.0,1900.0
SAU,Saudi Arabia,2011,,8200.0,8200.0
SDN,Sudan,2011,115000.0,19000.0,134000.0
SEN,Senegal,2011,,1600.0,1600.0
SLV,El Salvador,2011,,60000.0,60000.0
SOM,Somalia,2011,100000.0,,100000.0
SRB,Serbia,2011,,,0.0
SSD,South Sudan,2011,350000.0,,350000.0
SYR,Syria,2011,156000.0,,156000.0
TCD,Chad,2011,,,0.0
TGO,Togo,2011,,,0.0
THA,Thailand,2011,50000.0,1645000.0,1695000.0
TKM,Turkmenistan,2011,,,0.0
TLS,Timor-Leste,2011,1000.0,,1000.0
TUR,Türkiye,2011,,252000.0,252000.0
TZA,Tanzania,2011,,22000.0,22000.0
UGA,Uganda,2011,,6400.0,6400.0
USA,United States,2011,,52000.0,52000.0
UZB,Uzbekistan,2011,,,0.0
VNM,Viet Nam,2011,,230000.0,230000.0
VUT,Vanuatu,2011,,400.0,400.0
XKX,Kosovo,2011,,,0.0
YEM,Yemen,2011,175000.0,,175000.0
ZAF,South Africa,2011,,52000.0,52000.0
AFG,Afghanistan,2010,102000.0,71000.0,173000.0
AGO,Angola,2010,,79000.0,79000.0
ARM,Armenia,2010,,,0.0
AUS,Australia,2010,,1000.0,1000.0
AZE,Azerbaijan,2010,,32000.0,32000.0
BDI,Burundi,2010,,1500.0,1500.0
BEN,Benin,2010,,275000.0,275000.0
BFA,Burkina Faso,2010,,20000.0,20000.0
BGD,Bangladesh,2010,3500.0,569000.0,572500.0
BIH,Bosnia and Herzegovina,2010,,,0.0
BOL,Bolivia,2010,,100000.0,100000.0
BRA,Brazil,2010,,230000.0,230000.0
CAF,Central African Republic,2010,24000.0,,24000.0
CHL,Chile,2010,,2000000.0,2000000.0
CHN,China,2010,,15920000.0,15920000.0
CIV,Côte d'Ivoire,2010,2700.0,,2700.0
CMR,Cameroon,2010,,3000.0,3000.0
COD,Dem. Rep. Congo,2010,400000.0,98000.0,498000.0
COG,Congo,2010,,,0.0
COK,Cook Islands,2010,,650.0,650.0
COL,Colombia,2010,280000.0,3000000.0,3280000.0
CYP,Cyprus,2010,,,0.0
ECU,Ecuador,2010,,500.0,500.0
ERI,Eritrea,2010,,,0.0
ETH,Ethiopia,2010,,10000.0,10000.0
FJI,Fiji,2010,,18000.0,18000.0
FRA,France,2010,,4500.0,4500.0
GEO,Georgia,2010,,,0.0
GMB,Gambia,2010,,25000.0,25000.0
GNB,Guinea-Bissau,2010,,2000.0,2000.0
GTM,Guatemala,2010,,163000.0,163000.0
HND,Honduras,2010,,8000.0,8000.0
HRV,Croatia,2010,,,0.0
HTI,Haiti,2010,,1573000.0,1573000.0
IDN,Indonesia,2010,35000.0,409000.0,444000.0
IND,India,2010,106000.0,1411000.0,1517000.0
IRN,Iran,2010,,3500.0,3500.0
IRQ,Iraq,2010,,,0.0
JPN,Japan,2010,,85000.0,85000.0
KAZ,Kazakhstan,2010,,5000.0,5000.0
KEN,Kenya,2010,,54000.0,54000.0
KGZ,Kyrgyzstan,2010,300000.0,,300000.0
KHM,Cambodia,2010,,32000.0,32000.0
LAO,Lao PDR,2010,4400.0,,4400.0
LBN,Lebanon,2010,,,0.0
LBR,Liberia,2010,,,0.0
LKA,Sri Lanka,2010,,141000.0,141000.0
LSO,Lesotho,2010,,5000.0,5000.0
MAR,Morocco,2010,,15000.0,15000.0
MDG,Madagascar,2010,,38000.0,38000.0
MEX,Mexico,2010,115000.0,900000.0,1015000.0
MKD,North Macedonia,2010,,,0.0
MLI,Mali,2010,,5800.0,5800.0
MMR,Myanmar,2010,73000.0,106000.0,179000.0
MNE,Montenegro,2010,,1400.0,1400.0
MOZ,Mozambique,2010,,130000.0,130000.0
MRT,Mauritania,2010,,5000.0,5000.0
MYS,Malaysia,2010,,65000.0,65000.0
NAM,Namibia,2010,,11000.0,11000.0
NER,Niger,2010,,205000.0,205000.0
NGA,Nigeria,2010,5000.0,560000.0,565000.0
NIC,Nicaragua,2010,,61000.0,61000.0
NPL,Nepal,2010,,,0.0
NZL,New Zealand,2010,,250.0,250.0
PAK,Pakistan,2010,400000.0,11060000.0,11460000.0
PER,Peru,2010,,10000.0,10000.0
PHL,Philippines,2010,70000.0,1002000.0,1072000.0
POL,Poland,2010,,30000.0,30000.0
PRK,Dem. People's Rep. Korea,2010,,28000.0,28000.0
PSE,Palestine,2010,600.0,500.0,1100.0
PYF,French Polynesia,2010,,3500.0,3500.0
RUS,Russia,2010,,23000.0,23000.0
RWA,Rwanda,2010,,5900.0,5900.0
SDN,Sudan,2010,490000.0,20000.0,510000.0
SEN,Senegal,2010,4000.0,7800.0,11800.0
SLB,Solomon Islands,2010,,7800.0,7800.0
SLV,El Salvador,2010,,16000.0,16000.0
SOM,Somalia,2010,300000.0,5200.0,305200.0
SRB,Serbia,2010,,4500.0,4500.0
SYR,Syria,2010,,,0.0
TCD,Chad,2010,,70000.0,70000.0
TGO,Togo,2010,,50000.0,50000.0
THA,Thailand,2010,,1000000.0,1000000.0
TJK,Tajikistan,2010,,2000.0,2000.0
TKM,Turkmenistan,2010,,,0.0
TLS,Timor-Leste,2010,,,0.0
TUR,Türkiye,2010,,200.0,200.0
UGA,Uganda,2010,,,0.0
UZB,Uzbekistan,2010,,,0.0
VCT,St. Vincent and the Grenadines,2010,,100.0,100.0
VEN,Venezuela,2010,,102000.0,102000.0
VNM,Viet Nam,2010,,442000.0,442000.0
XKX,Kosovo,2010,,,0.0
YEM,Yemen,2010,176000.0,1000.0,177000.0
ZAF,South Africa,2010,,6000.0,6000.0
ZMB,Zambia,2010,,150.0,150.0
AFG,Afghanistan,2009,,28000.0,28000.0
AGO,Angola,2009,,86000.0,86000.0
ALB,Albania,2009,,150.0,150.0
ARM,Armenia,2009,,,0.0
AUS,Australia,2009,,7500.0,7500.0
AZE,Azerbaijan,2009,,200.0,200.0
BDI,Burundi,2009,,,0.0
BEN,Benin,2009,,40000.0,40000.0
BFA,Burkina Faso,2009,,150000.0,150000.0
BGD,Bangladesh,2009,5000.0,1342000.0,1347000.0
BIH,Bosnia and Herzegovina,2009,,,0.0
BOL,Bolivia,2009,,630.0,630.0
BRA,Brazil,2009,,523000.0,523000.0
BWA,Botswana,2009,,870.0,870.0
CAF,Central African Republic,2009,15000.0,15000.0,30000.0
CHL,Chile,2009,,700.0,700.0
CHN,China,2009,,4031000.0,4031000.0
CIV,Côte d'Ivoire,2009,500.0,10000.0,10500.0
COD,Dem. Rep. Congo,2009,1000000.0,120.0,1000120.0
COG,Congo,2009,,,0.0
COL,Colombia,2009,286000.0,9100.0,295100.0
CRI,Costa Rica,2009,,2400.0,2400.0
CYP,Cyprus,2009,,,0.0
DZA,Algeria,2009,,2500.0,2500.0
ERI,Eritrea,2009,,,0.0
ETH,Ethiopia,2009,200000.0,,200000.0
FJI,Fiji,2009,,13000.0,13000.0
GAB,Gabon,2009,,800.0,800.0
GEO,Georgia,2009,,,0.0
GHA,Ghana,2009,,52000.0,52000.0
GRC,Greece,2009,,320.0,320.0
GTM,Guatemala,2009,,990.0,990.0
HND,Honduras,2009,,2200.0,2200.0
HRV,Croatia,2009,,,0.0
HTI,Haiti,2009,,9900.0,9900.0
IDN,Indonesia,2009,500.0,854000.0,854500.0
IND,India,2009,33000.0,5304000.0,5337000.0
IRQ,Iraq,2009,,,0.0
ITA,Italy,2009,,75000.0,75000.0
KEN,Kenya,2009,,92000.0,92000.0
KHM,Cambodia,2009,,66000.0,66000.0
LAO,Lao PDR,2009,,38000.0,38000.0
LBN,Lebanon,2009,,,0.0
LBR,Liberia,2009,,,0.0
LKA,Sri Lanka,2009,280000.0,363000.0,643000.0
MDG,Madagascar,2009,,8100.0,8100.0
MEX,Mexico,2009,,375000.0,375000.0
MKD,North Macedonia,2009,,,0.0
MMR,Myanmar,2009,75000.0,2500.0,77500.0
MNG,Mongolia,2009,,22000.0,22000.0
MOZ,Mozambique,2009,,7300.0,7300.0
MWI,Malawi,2009,,21000.0,21000.0
NAM,Namibia,2009,,55000.0,55000.0
NER,Niger,2009,,5600.0,5600.0
NGA,Nigeria,2009,5000.0,140000.0,145000.0
NPL,Nepal,2009,5000.0,18000.0,23000.0
PAK,Pakistan,2009,3000000.0,84000.0,3084000.0
PER,Peru,2009,,46000.0,46000.0
PHL,Philippines,2009,400000.0,2062000.0,2462000.0
PNG,Papua New Guinea,2009,,1000.0,1000.0
PSE,Palestine,2009,100000.0,,100000.0
RUS,Russia,2009,,,0.0
SAU,Saudi Arabia,2009,,10000.0,10000.0
SDN,Sudan,2009,530000.0,80000.0,610000.0
SEN,Senegal,2009,1000.0,264000.0,265000.0
SLV,El Salvador,2009,,15000.0,15000.0
SOM,Somalia,2009,400000.0,,400000.0
SRB,Serbia,2009,,,0.0
SYR,Syria,2009,,,0.0
TCD,Chad,2009,,5800.0,5800.0
TGO,Togo,2009,,,0.0
THA,Thailand,2009,,68000.0,68000.0
TKM,Turkmenistan,2009,,,0.0
TLS,Timor-Leste,2009,100.0,,100.0
TUR,Türkiye,2009,,20000.0,20000.0
TWN,"Taiwan, China",2009,,25000.0,25000.0
TZA,Tanzania,2009,,11000.0,11000.0
UGA,Uganda,2009,,,0.0
USA,United States,2009,,1300.0,1300.0
UZB,Uzbekistan,2009,,,0.0
VNM,Viet Nam,2009,,187000.0,187000.0
WSM,Samoa,2009,,5300.0,5300.0
XKX,Kosovo,2009,,,0.0
YEM,Yemen,2009,150000.0,,150000.0
ZAF,South Africa,2009,,20000.0,20000.0
ZMB,Zambia,2009,,54000.0,54000.0
ZWE,Zimbabwe,2009,15000.0,,15000.0
AFG,Afghanistan,2008,,3400.0,3400.0
ARG,Argentina,2008,,640.0,640.0
ATG,Antigua and Barbuda,2008,,45.0,45.0
AUS,Australia,2008,,1000.0,1000.0
BDI,Burundi,2008,,2800.0,2800.0
BEN,Benin,2008,,150000.0,150000.0
BFA,Burkina Faso,2008,,28000.0,28000.0
BGD,Bangladesh,2008,,61000.0,61000.0
BHS,Bahamas,2008,,500.0,500.0
BLZ,Belize,2008,,400.0,400.0
BRA,Brazil,2008,,309000.0,309000.0
CAF,Central African Republic,2008,,14000.0,14000.0
CAN,Canada,2008,,2000.0,2000.0
CHL,Chile,2008,,43000.0,43000.0
CHN,China,2008,,18660000.0,18660000.0
CMR,Cameroon,2008,,1000.0,1000.0
COD,Dem. Rep. Congo,2008,,5100.0,5100.0
COL,Colombia,2008,,63000.0,63000.0
CRI,Costa Rica,2008,,12000.0,12000.0
CUB,Cuba,2008,,2730000.0,2730000.0
CYM,Cayman Islands,2008,,720.0,720.0
DOM,Dominican Republic,2008,,8900.0,8900.0
DZA,Algeria,2008,,25000.0,25000.0
ECU,Ecuador,2008,,14000.0,14000.0
EGY,Egypt,2008,,20000.0,20000.0
ETH,Ethiopia,2008,,73000.0,73000.0
FIN,Finland,2008,,20.0,20.0
FRA,France,2008,,870.0,870.0
GHA,Ghana,2008,,14000.0,14000.0
GMB,Gambia,2008,,400.0,400.0
GNB,Guinea-Bissau,2008,,750.0,750.0
GTM,Guatemala,2008,,18000.0,18000.0
HND,Honduras,2008,,70000.0,70000.0
HTI,Haiti,2008,,139000.0,139000.0
IDN,Indonesia,2008,,221000.0,221000.0
IND,India,2008,,6662000.0,6662000.0
IRQ,Iraq,2008,,600.0,600.0
JAM,Jamaica,2008,,1500.0,1500.0
JPN,Japan,2008,,800.0,800.0
KEN,Kenya,2008,,10000.0,10000.0
KGZ,Kyrgyzstan,2008,,1100.0,1100.0
KIR,Kiribati,2008,,85.0,85.0
LBR,Liberia,2008,,1000.0,1000.0
LKA,Sri Lanka,2008,,525000.0,525000.0
MAR,Morocco,2008,,5000.0,5000.0
MDA,Moldova,2008,,200.0,200.0
MDG,Madagascar,2008,,194000.0,194000.0
MEX,Mexico,2008,,13000.0,13000.0
MHL,Marshall Islands,2008,,600.0,600.0
MLI,Mali,2008,,2500.0,2500.0
MMR,Myanmar,2008,,2250000.0,2250000.0
MOZ,Mozambique,2008,,143000.0,143000.0
MYS,Malaysia,2008,,4000.0,4000.0
NER,Niger,2008,,4300.0,4300.0
NIC,Nicaragua,2008,,19000.0,19000.0
NPL,Nepal,2008,,250000.0,250000.0
PAK,Pakistan,2008,,89000.0,89000.0
PER,Peru,2008,,45000.0,45000.0
PHL,Philippines,2008,,2757000.0,2757000.0
PNG,Papua New Guinea,2008,,75000.0,75000.0
PRT,Portugal,2008,,38.0,38.0
PRY,Paraguay,2008,,60.0,60.0
ROU,Romania,2008,,11000.0,11000.0
RWA,Rwanda,2008,,5000.0,5000.0
SDN,Sudan,2008,,46000.0,46000.0
SLV,El Salvador,2008,,95.0,95.0
SOM,Somalia,2008,,12000.0,12000.0
TCD,Chad,2008,,10000.0,10000.0
TGO,Togo,2008,,2000.0,2000.0
THA,Thailand,2008,,203000.0,203000.0
TUR,Türkiye,2008,,300.0,300.0
TZA,Tanzania,2008,,2400.0,2400.0
UGA,Uganda,2008,,15000.0,15000.0
UKR,Ukraine,2008,,25000.0,25000.0
USA,United States,2008,,2020000.0,2020000.0
VEN,Venezuela,2008,,4700.0,4700.0
VNM,Viet Nam,2008,,106000.0,106000.0
YEM,Yemen,2008,,22000.0,22000.0
ZAF,South Africa,2008,,3500.0,3500.0
ZMB,Zambia,2008,,5800.0,5800.0
