Country,Year,TerrorismDeaths
Afghanistan,1973,0.0
Afghanistan,1979,53.0
Afghanistan,1987,0.0
Afghanistan,1988,128.0
Afghanistan,1989,10.0
Afghanistan,1990,12.0
Afghanistan,1991,68.0
Afghanistan,1992,49.0
Afghanistan,1994,22.0
Afghanistan,1995,5.0
Afghanistan,1996,31.0
Afghanistan,1997,4.0
Afghanistan,1998,8.0
Afghanistan,1999,39.0
Afghanistan,2000,38.0
Afghanistan,2001,174.0
Afghanistan,2002,74.0
Afghanistan,2003,163.0
Afghanistan,2004,275.0
Afghanistan,2005,367.0
Afghanistan,2006,736.0
Afghanistan,2007,1201.0
Afghanistan,2008,1099.0
Afghanistan,2009,1065.0
Afghanistan,2010,1157.0
Afghanistan,2011,1525.0
Afghanistan,2012,3521.0
Afghanistan,2013,3709.0
Afghanistan,2014,5414.0
Afghanistan,2015,6216.0
Afghanistan,2016,6141.0
Afghanistan,2017,6095.0
Afghanistan,2018,9812.0
Afghanistan,2019,8257.0
Afghanistan,2020,10081.0
Albania,1981,0.0
Albania,1990,0.0
Albania,1991,0.0
Albania,1992,1.0
Albania,1994,1.0
Albania,1996,7.0
Albania,1997,26.0
Albania,1998,0.0
Albania,1999,6.0
Albania,2000,0.0
Albania,2001,0.0
Albania,2003,0.0
Albania,2009,0.0
Albania,2013,0.0
Albania,2014,1.0
Albania,2015,0.0
Albania,2016,0.0
Albania,2017,0.0
Albania,2019,0.0
Albania,2020,0.0
Algeria,1972,0.0
Algeria,1976,0.0
Algeria,1978,0.0
Algeria,1979,0.0
Algeria,1990,3.0
Algeria,1991,42.0
Algeria,1992,236.0
Algeria,1994,500.0
Algeria,1995,418.0
Algeria,1996,529.0
Algeria,1997,4266.0
Algeria,1998,952.0
Algeria,1999,467.0
Algeria,2000,528.0
Algeria,2001,624.0
Algeria,2002,615.0
Algeria,2003,269.0
Algeria,2004,166.0
Algeria,2005,228.0
Algeria,2006,185.0
Algeria,2007,241.0
Algeria,2008,249.0
Algeria,2009,204.0
Algeria,2010,109.0
Algeria,2011,25.0
Algeria,2012,30.0
Algeria,2013,101.0
Algeria,2014,37.0
Algeria,2015,20.0
Algeria,2016,9.0
Algeria,2017,12.0
Algeria,2018,19.0
Algeria,2020,7.0
Andorra,1974,0.0
Angola,1977,0.0
Angola,1978,0.0
Angola,1979,19.0
Angola,1981,3.0
Angola,1982,2.0
Angola,1983,282.0
Angola,1984,179.0
Angola,1985,6.0
Angola,1986,119.0
Angola,1987,5.0
Angola,1988,145.0
Angola,1989,88.0
Angola,1990,147.0
Angola,1991,69.0
Angola,1992,97.0
Angola,1994,108.0
Angola,1995,52.0
Angola,1996,18.0
Angola,1997,34.0
Angola,1998,275.0
Angola,1999,299.0
Angola,2000,178.0
Angola,2001,846.0
Angola,2002,59.0
Angola,2009,2.0
Angola,2010,4.0
Angola,2016,0.0
Angola,2017,7.0
Angola,2019,5.0
Angola,2020,12.0
Antigua and Barbuda,1992,0.0
Argentina,1970,5.0
Argentina,1971,5.0
Argentina,1972,5.0
Argentina,1973,16.0
Argentina,1974,21.0
Argentina,1975,123.0
Argentina,1976,122.0
Argentina,1977,7.0
Argentina,1978,13.0
Argentina,1979,11.0
Argentina,1980,0.0
Argentina,1981,0.0
Argentina,1982,1.0
Argentina,1983,1.0
Argentina,1984,1.0
Argentina,1985,2.0
Argentina,1986,2.0
Argentina,1987,3.0
Argentina,1988,1.0
Argentina,1989,26.0
Argentina,1990,1.0
Argentina,1991,1.0
Argentina,1992,33.0
Argentina,1994,86.0
Argentina,1995,0.0
Argentina,1996,1.0
Argentina,1997,3.0
Argentina,1999,0.0
Argentina,2001,0.0
Argentina,2003,0.0
Argentina,2005,0.0
Argentina,2009,0.0
Argentina,2010,0.0
Argentina,2011,0.0
Argentina,2012,0.0
Argentina,2013,0.0
Argentina,2014,0.0
Argentina,2015,0.0
Argentina,2016,0.0
Argentina,2017,0.0
Argentina,2018,0.0
Argentina,2019,2.0
Argentina,2020,0.0
Armenia,1991,0.0
Armenia,1992,2.0
Armenia,1994,15.0
Armenia,1995,2.0
Armenia,1996,2.0
Armenia,1998,0.0
Armenia,1999,8.0
Armenia,2000,0.0
Armenia,2001,1.0
Armenia,2007,0.0
Armenia,2009,1.0
Armenia,2013,0.0
Armenia,2015,0.0
Armenia,2016,6.0
Armenia,2018,0.0
Australia,1970,0.0
Australia,1971,0.0
Australia,1972,1.0
Australia,1974,0.0
Australia,1978,2.0
Australia,1979,0.0
Australia,1980,2.0
Australia,1981,1.0
Australia,1982,0.0
Australia,1986,1.0
Australia,1988,0.0
Australia,1989,0.0
Australia,1991,0.0
Australia,1992,1.0
Australia,1994,3.0
Australia,1995,0.0
Australia,1996,2.0
Australia,1997,0.0
Australia,1998,0.0
Australia,2000,0.0
Australia,2001,0.0
Australia,2006,0.0
Australia,2008,0.0
Australia,2009,0.0
Australia,2010,0.0
Australia,2013,0.0
Australia,2014,4.0
Australia,2015,2.0
Australia,2016,0.0
Australia,2017,4.0
Australia,2018,2.0
Australia,2019,0.0
Australia,2020,2.0
Austria,1972,4.0
Austria,1973,0.0
Austria,1974,0.0
Austria,1975,4.0
Austria,1976,0.0
Austria,1977,1.0
Austria,1978,0.0
Austria,1979,0.0
Austria,1980,0.0
Austria,1981,3.0
Austria,1982,0.0
Austria,1984,2.0
Austria,1985,4.0
Austria,1986,0.0
Austria,1987,0.0
Austria,1988,0.0
Austria,1989,3.0
Austria,1990,0.0
Austria,1991,0.0
Austria,1992,0.0
Austria,1994,0.0
Austria,1995,6.0
Austria,1996,0.0
Austria,1997,0.0
Austria,1998,0.0
Austria,2006,0.0
Austria,2007,0.0
Austria,2008,0.0
Austria,2009,1.0
Austria,2011,0.0
Austria,2013,0.0
Austria,2016,0.0
Austria,2017,2.0
Austria,2018,1.0
Austria,2020,6.0
Azerbaijan,1991,26.0
Azerbaijan,1992,186.0
Azerbaijan,1994,30.0
Azerbaijan,1995,0.0
Azerbaijan,1996,2.0
Azerbaijan,1997,1.0
Azerbaijan,2000,0.0
Azerbaijan,2001,1.0
Azerbaijan,2002,0.0
Azerbaijan,2007,0.0
Azerbaijan,2008,5.0
Azerbaijan,2009,1.0
Azerbaijan,2014,0.0
Azerbaijan,2016,1.0
Azerbaijan,2017,5.0
Azerbaijan,2018,0.0
Bahamas,1976,0.0
Bahamas,1981,0.0
Bahamas,1997,1.0
Bahamas,2013,0.0
Bahrain,1979,0.0
Bahrain,1980,0.0
Bahrain,1991,1.0
Bahrain,1994,0.0
Bahrain,1995,1.0
Bahrain,1996,8.0
Bahrain,1997,5.0
Bahrain,2003,0.0
Bahrain,2006,0.0
Bahrain,2008,1.0
Bahrain,2010,0.0
Bahrain,2011,0.0
Bahrain,2012,4.0
Bahrain,2013,3.0
Bahrain,2014,9.0
Bahrain,2015,5.0
Bahrain,2016,1.0
Bahrain,2017,6.0
Bahrain,2018,0.0
Bangladesh,1977,0.0
Bangladesh,1979,0.0
Bangladesh,1980,6.0
Bangladesh,1981,6.0
Bangladesh,1982,0.0
Bangladesh,1984,1.0
Bangladesh,1985,0.0
Bangladesh,1986,54.0
Bangladesh,1987,26.0
Bangladesh,1988,87.0
Bangladesh,1989,131.0
Bangladesh,1990,66.0
Bangladesh,1991,69.0
Bangladesh,1992,101.0
Bangladesh,1994,30.0
Bangladesh,1995,35.0
Bangladesh,1996,89.0
Bangladesh,1997,14.0
Bangladesh,1998,0.0
Bangladesh,1999,30.0
Bangladesh,2000,11.0
Bangladesh,2001,59.0
Bangladesh,2002,21.0
Bangladesh,2003,3.0
Bangladesh,2004,43.0
Bangladesh,2005,44.0
Bangladesh,2006,19.0
Bangladesh,2007,1.0
Bangladesh,2008,9.0
Bangladesh,2009,18.0
Bangladesh,2010,15.0
Bangladesh,2011,9.0
Bangladesh,2012,8.0
Bangladesh,2013,13.0
Bangladesh,2014,38.0
Bangladesh,2015,86.0
Bangladesh,2016,76.0
Bangladesh,2017,25.0
Bangladesh,2018,13.0
Bangladesh,2019,16.0
Bangladesh,2020,3.0
Barbados,1976,73.0
Barbados,1992,3.0
Belarus,1994,0.0
Belarus,1997,1.0
Belarus,1999,0.0
Belarus,2001,0.0
Belarus,2006,0.0
Belarus,2008,0.0
Belarus,2010,0.0
Belarus,2011,13.0
Belarus,2012,0.0
Belarus,2020,0.0
Belgium,1970,0.0
Belgium,1972,0.0
Belgium,1973,0.0
Belgium,1974,0.0
Belgium,1976,0.0
Belgium,1977,0.0
Belgium,1978,1.0
Belgium,1979,1.0
Belgium,1980,2.0
Belgium,1981,6.0
Belgium,1982,0.0
Belgium,1983,2.0
Belgium,1984,0.0
Belgium,1985,10.0
Belgium,1986,0.0
Belgium,1987,1.0
Belgium,1988,1.0
Belgium,1989,4.0
Belgium,1990,2.0
Belgium,1991,1.0
Belgium,1992,1.0
Belgium,1994,0.0
Belgium,1995,0.0
Belgium,1997,4.0
Belgium,1998,0.0
Belgium,1999,0.0
Belgium,2002,0.0
Belgium,2003,0.0
Belgium,2007,0.0
Belgium,2009,0.0
Belgium,2012,1.0
Belgium,2014,4.0
Belgium,2016,36.0
Belgium,2017,2.0
Belgium,2018,4.0
Belgium,2019,0.0
Belgium,2020,0.0
Belize,1980,0.0
Belize,1991,2.0
Belize,1992,1.0
Belize,2000,0.0
Belize,2013,0.0
Benin,1992,0.0
Benin,1994,0.0
Benin,1995,0.0
Benin,1996,0.0
Benin,2007,0.0
Benin,2019,1.0
Benin,2020,1.0
Bhutan,2006,4.0
Bhutan,2008,5.0
Bhutan,2011,0.0
Bhutan,2014,0.0
Bolivia,1970,0.0
Bolivia,1971,0.0
Bolivia,1974,0.0
Bolivia,1976,0.0
Bolivia,1977,0.0
Bolivia,1978,0.0
Bolivia,1979,0.0
Bolivia,1980,11.0
Bolivia,1981,1.0
Bolivia,1982,0.0
Bolivia,1983,0.0
Bolivia,1984,1.0
Bolivia,1985,0.0
Bolivia,1986,1.0
Bolivia,1987,1.0
Bolivia,1988,2.0
Bolivia,1989,2.0
Bolivia,1990,6.0
Bolivia,1991,7.0
Bolivia,1992,5.0
Bolivia,1994,1.0
Bolivia,1995,0.0
Bolivia,1996,0.0
Bolivia,1997,4.0
Bolivia,2003,0.0
Bolivia,2005,0.0
Bolivia,2007,0.0
Bolivia,2009,0.0
Bolivia,2012,0.0
Bolivia,2018,12.0
Bolivia,2019,0.0
Bolivia,2020,0.0
Bosnia-Herzegovina,1992,55.0
Bosnia-Herzegovina,1994,3.0
Bosnia-Herzegovina,1995,2.0
Bosnia-Herzegovina,1996,2.0
Bosnia-Herzegovina,1997,5.0
Bosnia-Herzegovina,1998,2.0
Bosnia-Herzegovina,1999,1.0
Bosnia-Herzegovina,2000,1.0
Bosnia-Herzegovina,2001,0.0
Bosnia-Herzegovina,2002,0.0
Bosnia-Herzegovina,2003,0.0
Bosnia-Herzegovina,2005,0.0
Bosnia-Herzegovina,2006,0.0
Bosnia-Herzegovina,2007,1.0
Bosnia-Herzegovina,2008,2.0
Bosnia-Herzegovina,2009,0.0
Bosnia-Herzegovina,2010,1.0
Bosnia-Herzegovina,2011,0.0
Bosnia-Herzegovina,2013,0.0
Bosnia-Herzegovina,2014,0.0
Bosnia-Herzegovina,2015,4.0
Bosnia-Herzegovina,2018,0.0
Botswana,1974,1.0
Botswana,1985,0.0
Botswana,1987,3.0
Botswana,1988,1.0
Botswana,1989,0.0
Botswana,1990,6.0
Botswana,1995,0.0
Brazil,1970,2.0
Brazil,1971,0.0
Brazil,1972,0.0
Brazil,1973,0.0
Brazil,1976,0.0
Brazil,1977,0.0
Brazil,1978,1.0
Brazil,1979,4.0
Brazil,1980,19.0
Brazil,1981,2.0
Brazil,1982,27.0
Brazil,1983,0.0
Brazil,1984,0.0
Brazil,1985,0.0
Brazil,1986,14.0
Brazil,1987,0.0
Brazil,1988,0.0
Brazil,1989,1.0
Brazil,1990,3.0
Brazil,1991,12.0
Brazil,1992,28.0
Brazil,1994,15.0
Brazil,1995,13.0
Brazil,1996,22.0
Brazil,1997,28.0
Brazil,1998,0.0
Brazil,1999,1.0
Brazil,2000,0.0
Brazil,2001,1.0
Brazil,2002,0.0
Brazil,2003,0.0
Brazil,2006,1.0
Brazil,2012,1.0
Brazil,2013,2.0
Brazil,2014,2.0
Brazil,2015,3.0
Brazil,2016,1.0
Brazil,2017,0.0
Brazil,2018,10.0
Brazil,2019,2.0
Brazil,2020,3.0
Brunei,1972,0.0
Brunei,1992,0.0
Bulgaria,1982,2.0
Bulgaria,1984,0.0
Bulgaria,1990,0.0
Bulgaria,1991,0.0
Bulgaria,1992,0.0
Bulgaria,1994,1.0
Bulgaria,1995,3.0
Bulgaria,1996,9.0
Bulgaria,1997,0.0
Bulgaria,1998,0.0
Bulgaria,1999,0.0
Bulgaria,2000,4.0
Bulgaria,2001,0.0
Bulgaria,2002,1.0
Bulgaria,2008,0.0
Bulgaria,2011,0.0
Bulgaria,2012,8.0
Bulgaria,2013,0.0
Bulgaria,2014,0.0
Bulgaria,2015,0.0
Bulgaria,2016,0.0
Bulgaria,2018,0.0
Bulgaria,2020,0.0
Burkina Faso,1984,1.0
Burkina Faso,1991,1.0
Burkina Faso,2013,1.0
Burkina Faso,2015,16.0
Burkina Faso,2016,62.0
Burkina Faso,2017,53.0
Burkina Faso,2018,116.0
Burkina Faso,2019,804.0
Burkina Faso,2020,681.0
Burundi,1991,117.0
Burundi,1992,61.0
Burundi,1994,265.0
Burundi,1995,583.0
Burundi,1996,1371.0
Burundi,1997,386.0
Burundi,1998,392.0
Burundi,1999,108.0
Burundi,2000,97.0
Burundi,2001,166.0
Burundi,2002,67.0
Burundi,2003,116.0
Burundi,2004,18.0
Burundi,2005,13.0
Burundi,2006,21.0
Burundi,2007,3.0
Burundi,2008,28.0
Burundi,2010,14.0
Burundi,2011,47.0
Burundi,2012,6.0
Burundi,2013,5.0
Burundi,2014,4.0
Burundi,2015,223.0
Burundi,2016,74.0
Burundi,2017,20.0
Burundi,2018,36.0
Burundi,2019,25.0
Burundi,2020,28.0
Cambodia,1971,2.0
Cambodia,1972,1.0
Cambodia,1978,1.0
Cambodia,1989,11.0
Cambodia,1990,0.0
Cambodia,1991,16.0
Cambodia,1992,64.0
Cambodia,1994,225.0
Cambodia,1995,21.0
Cambodia,1996,44.0
Cambodia,1997,100.0
Cambodia,1998,35.0
Cambodia,1999,1.0
Cambodia,2000,12.0
Cambodia,2001,4.0
Cambodia,2002,4.0
Cambodia,2003,1.0
Cambodia,2008,1.0
Cambodia,2013,0.0
Cambodia,2018,0.0
Cambodia,2020,0.0
Cameroon,1991,36.0
Cameroon,1992,6.0
Cameroon,1994,33.0
Cameroon,1995,5.0
Cameroon,1998,0.0
Cameroon,2007,31.0
Cameroon,2008,3.0
Cameroon,2009,0.0
Cameroon,2010,5.0
Cameroon,2011,4.0
Cameroon,2013,7.0
Cameroon,2014,789.0
Cameroon,2015,931.0
Cameroon,2016,269.0
Cameroon,2017,244.0
Cameroon,2018,296.0
Cameroon,2019,318.0
Cameroon,2020,209.0
Canada,1970,1.0
Canada,1972,1.0
Canada,1974,0.0
Canada,1980,0.0
Canada,1982,1.0
Canada,1983,0.0
Canada,1985,331.0
Canada,1986,0.0
Canada,1989,15.0
Canada,1992,0.0
Canada,1994,0.0
Canada,1995,1.0
Canada,1996,0.0
Canada,1997,0.0
Canada,1998,1.0
Canada,1999,0.0
Canada,2000,0.0
Canada,2004,0.0
Canada,2006,0.0
Canada,2008,0.0
Canada,2009,0.0
Canada,2010,0.0
Canada,2012,0.0
Canada,2013,0.0
Canada,2014,7.0
Canada,2015,0.0
Canada,2016,1.0
Canada,2017,6.0
Canada,2018,13.0
Canada,2019,0.0
Canada,2020,3.0
Central African Republic,1981,3.0
Central African Republic,1986,0.0
Central African Republic,1991,3.0
Central African Republic,1992,1.0
Central African Republic,1994,2.0
Central African Republic,1996,2.0
Central African Republic,2000,1.0
Central African Republic,2001,7.0
Central African Republic,2006,4.0
Central African Republic,2007,1.0
Central African Republic,2008,1.0
Central African Republic,2009,38.0
Central African Republic,2010,46.0
Central African Republic,2011,35.0
Central African Republic,2012,14.0
Central African Republic,2013,121.0
Central African Republic,2014,751.0
Central African Republic,2015,171.0
Central African Republic,2016,189.0
Central African Republic,2017,604.0
Central African Republic,2018,227.0
Central African Republic,2019,116.0
Central African Republic,2020,103.0
Chad,1974,0.0
Chad,1984,0.0
Chad,1985,0.0
Chad,1986,0.0
Chad,1991,40.0
Chad,1992,170.0
Chad,1994,1.0
Chad,1995,0.0
Chad,1996,1.0
Chad,1997,2.0
Chad,1998,0.0
Chad,1999,77.0
Chad,2002,21.0
Chad,2006,103.0
Chad,2007,136.0
Chad,2008,172.0
Chad,2009,0.0
Chad,2010,0.0
Chad,2014,6.0
Chad,2015,306.0
Chad,2016,22.0
Chad,2017,62.0
Chad,2018,112.0
Chad,2019,189.0
Chad,2020,244.0
Chile,1973,0.0
Chile,1976,0.0
Chile,1977,0.0
Chile,1978,0.0
Chile,1979,6.0
Chile,1980,6.0
Chile,1981,19.0
Chile,1982,2.0
Chile,1983,15.0
Chile,1984,37.0
Chile,1985,30.0
Chile,1986,22.0
Chile,1987,9.0
Chile,1988,19.0
Chile,1989,19.0
Chile,1990,8.0
Chile,1991,16.0
Chile,1992,12.0
Chile,1994,0.0
Chile,1995,1.0
Chile,1996,2.0
Chile,1997,0.0
Chile,1998,0.0
Chile,1999,0.0
Chile,2000,0.0
Chile,2001,0.0
Chile,2002,0.0
Chile,2003,0.0
Chile,2006,0.0
Chile,2007,0.0
Chile,2008,0.0
Chile,2009,0.0
Chile,2010,0.0
Chile,2011,0.0
Chile,2012,0.0
Chile,2013,2.0
Chile,2014,1.0
Chile,2015,0.0
Chile,2016,2.0
Chile,2017,0.0
Chile,2018,0.0
Chile,2019,0.0
Chile,2020,3.0
China,1989,20.0
China,1990,2.0
China,1991,0.0
China,1992,9.0
China,1994,18.0
China,1995,6.0
China,1996,23.0
China,1997,37.0
China,1998,50.0
China,1999,5.0
China,2000,1.0
China,2001,7.0
China,2002,1.0
China,2003,1.0
China,2004,4.0
China,2005,12.0
China,2008,39.0
China,2009,186.0
China,2010,7.0
China,2011,19.0
China,2012,27.0
China,2013,60.0
China,2014,322.0
China,2015,123.0
China,2016,13.0
China,2017,16.0
China,2018,2.0
China,2019,0.0
China,2020,0.0
Colombia,1970,0.0
Colombia,1972,1.0
Colombia,1973,0.0
Colombia,1975,7.0
Colombia,1976,10.0
Colombia,1977,38.0
Colombia,1978,71.0
Colombia,1979,156.0
Colombia,1980,159.0
Colombia,1981,365.0
Colombia,1982,368.0
Colombia,1983,437.0
Colombia,1984,485.0
Colombia,1985,935.0
Colombia,1986,771.0
Colombia,1987,655.0
Colombia,1988,1096.0
Colombia,1989,751.0
Colombia,1990,694.0
Colombia,1991,742.0
Colombia,1992,631.0
Colombia,1994,218.0
Colombia,1995,521.0
Colombia,1996,611.0
Colombia,1997,1230.0
Colombia,1998,592.0
Colombia,1999,262.0
Colombia,2000,426.0
Colombia,2001,576.0
Colombia,2002,356.0
Colombia,2003,184.0
Colombia,2004,83.0
Colombia,2005,145.0
Colombia,2006,79.0
Colombia,2007,64.0
Colombia,2008,85.0
Colombia,2009,107.0
Colombia,2010,56.0
Colombia,2011,43.0
Colombia,2012,168.0
Colombia,2013,136.0
Colombia,2014,143.0
Colombia,2015,104.0
Colombia,2016,52.0
Colombia,2017,84.0
Colombia,2018,132.0
Colombia,2019,135.0
Colombia,2020,171.0
Comoros,1992,1.0
Comoros,1994,0.0
Comoros,1997,0.0
Comoros,2018,0.0
Comoros,2019,0.0
Costa Rica,1971,0.0
Costa Rica,1976,0.0
Costa Rica,1977,0.0
Costa Rica,1978,0.0
Costa Rica,1979,3.0
Costa Rica,1980,0.0
Costa Rica,1981,4.0
Costa Rica,1982,4.0
Costa Rica,1983,0.0
Costa Rica,1984,0.0
Costa Rica,1985,0.0
Costa Rica,1986,0.0
Costa Rica,1987,0.0
Costa Rica,1988,0.0
Costa Rica,1989,1.0
Costa Rica,1990,0.0
Costa Rica,1991,0.0
Costa Rica,1992,0.0
Costa Rica,1994,1.0
Costa Rica,1996,1.0
Costa Rica,1997,2.0
Costa Rica,2001,1.0
Costa Rica,2019,0.0
Croatia,1991,237.0
Croatia,1992,2.0
Croatia,1994,3.0
Croatia,1995,1.0
Croatia,1996,0.0
Croatia,1997,2.0
Croatia,2000,3.0
Croatia,2001,0.0
Croatia,2005,0.0
Croatia,2008,0.0
Croatia,2009,0.0
Croatia,2013,0.0
Croatia,2020,1.0
Cuba,1991,0.0
Cuba,1992,3.0
Cuba,1994,3.0
Cuba,1996,0.0
Cuba,1997,1.0
Cuba,2007,1.0
Cyprus,1973,1.0
Cyprus,1975,0.0
Cyprus,1977,0.0
Cyprus,1978,16.0
Cyprus,1979,2.0
Cyprus,1980,3.0
Cyprus,1981,0.0
Cyprus,1982,0.0
Cyprus,1983,0.0
Cyprus,1984,6.0
Cyprus,1985,3.0
Cyprus,1986,1.0
Cyprus,1987,1.0
Cyprus,1988,6.0
Cyprus,1989,1.0
Cyprus,1990,0.0
Cyprus,1991,0.0
Cyprus,1992,0.0
Cyprus,1994,2.0
Cyprus,1995,0.0
Cyprus,1996,3.0
Cyprus,1998,0.0
Cyprus,1999,0.0
Cyprus,2000,0.0
Cyprus,2001,0.0
Cyprus,2004,0.0
Cyprus,2007,0.0
Cyprus,2012,0.0
Cyprus,2013,0.0
Cyprus,2014,0.0
Cyprus,2016,0.0
Cyprus,2020,0.0
Czech Republic,1994,0.0
Czech Republic,1995,1.0
Czech Republic,1996,2.0
Czech Republic,1997,1.0
Czech Republic,2001,0.0
Czech Republic,2003,0.0
Czech Republic,2008,0.0
Czech Republic,2009,0.0
Czech Republic,2011,0.0
Czech Republic,2013,1.0
Czech Republic,2014,1.0
Czech Republic,2015,0.0
Czech Republic,2016,0.0
Czech Republic,2017,0.0
Czechoslovakia,1972,26.0
Czechoslovakia,1989,0.0
Czechoslovakia,1990,0.0
Czechoslovakia,1991,1.0
Czechoslovakia,1992,0.0
Democratic Republic of the Congo,1997,8.0
Democratic Republic of the Congo,1998,67.0
Democratic Republic of the Congo,1999,7.0
Democratic Republic of the Congo,2000,40.0
Democratic Republic of the Congo,2001,15.0
Democratic Republic of the Congo,2002,16.0
Democratic Republic of the Congo,2003,154.0
Democratic Republic of the Congo,2004,22.0
Democratic Republic of the Congo,2005,31.0
Democratic Republic of the Congo,2006,23.0
Democratic Republic of the Congo,2007,72.0
Democratic Republic of the Congo,2008,319.0
Democratic Republic of the Congo,2009,824.0
Democratic Republic of the Congo,2010,118.0
Democratic Republic of the Congo,2011,50.0
Democratic Republic of the Congo,2012,288.0
Democratic Republic of the Congo,2013,150.0
Democratic Republic of the Congo,2014,366.0
Democratic Republic of the Congo,2015,371.0
Democratic Republic of the Congo,2016,532.0
Democratic Republic of the Congo,2017,596.0
Democratic Republic of the Congo,2018,993.0
Democratic Republic of the Congo,2019,642.0
Democratic Republic of the Congo,2020,1356.0
Denmark,1978,0.0
Denmark,1979,0.0
Denmark,1980,0.0
Denmark,1981,0.0
Denmark,1985,1.0
Denmark,1986,0.0
Denmark,1987,0.0
Denmark,1988,0.0
Denmark,1989,0.0
Denmark,1991,0.0
Denmark,1992,1.0
Denmark,1995,0.0
Denmark,1999,0.0
Denmark,2008,0.0
Denmark,2010,0.0
Denmark,2013,0.0
Denmark,2015,2.0
Denmark,2016,1.0
Denmark,2018,0.0
Denmark,2019,0.0
Djibouti,1977,1.0
Djibouti,1979,4.0
Djibouti,1987,10.0
Djibouti,1988,0.0
Djibouti,1990,1.0
Djibouti,1991,8.0
Djibouti,1992,228.0
Djibouti,1994,6.0
Djibouti,1995,0.0
Djibouti,1997,11.0
Djibouti,2004,0.0
Djibouti,2014,5.0
Djibouti,2015,0.0
Djibouti,2017,0.0
Dominica,1981,3.0
Dominica,1997,0.0
Dominica,2020,0.0
Dominican Republic,1970,1.0
Dominican Republic,1971,0.0
Dominican Republic,1973,0.0
Dominican Republic,1974,0.0
Dominican Republic,1978,3.0
Dominican Republic,1979,1.0
Dominican Republic,1980,1.0
Dominican Republic,1982,5.0
Dominican Republic,1987,7.0
Dominican Republic,1988,0.0
Dominican Republic,1989,1.0
Dominican Republic,1990,3.0
Dominican Republic,1991,1.0
Dominican Republic,1992,1.0
Dominican Republic,1994,2.0
Dominican Republic,1996,3.0
Dominican Republic,1997,3.0
Dominican Republic,2013,0.0
Dominican Republic,2017,2.0
East Germany (GDR),1970,0.0
East Germany (GDR),1971,0.0
East Germany (GDR),1974,1.0
East Germany (GDR),1977,0.0
East Germany (GDR),1978,0.0
East Germany (GDR),1982,0.0
East Germany (GDR),1983,0.0
East Germany (GDR),1984,0.0
East Germany (GDR),1985,0.0
East Germany (GDR),1986,1.0
East Germany (GDR),1987,0.0
East Germany (GDR),1988,0.0
East Germany (GDR),1989,0.0
East Germany (GDR),1990,0.0
East Timor,2000,1.0
East Timor,2003,5.0
East Timor,2005,0.0
East Timor,2007,1.0
East Timor,2008,2.0
Ecuador,1973,0.0
Ecuador,1974,0.0
Ecuador,1976,1.0
Ecuador,1977,1.0
Ecuador,1978,2.0
Ecuador,1979,0.0
Ecuador,1980,2.0
Ecuador,1981,2.0
Ecuador,1982,1.0
Ecuador,1983,0.0
Ecuador,1984,1.0
Ecuador,1985,4.0
Ecuador,1986,13.0
Ecuador,1987,0.0
Ecuador,1988,4.0
Ecuador,1989,9.0
Ecuador,1990,3.0
Ecuador,1991,0.0
Ecuador,1992,2.0
Ecuador,1994,0.0
Ecuador,1995,4.0
Ecuador,1996,2.0
Ecuador,1997,1.0
Ecuador,1998,0.0
Ecuador,1999,0.0
Ecuador,2000,0.0
Ecuador,2001,0.0
Ecuador,2002,0.0
Ecuador,2003,0.0
Ecuador,2004,0.0
Ecuador,2008,0.0
Ecuador,2009,0.0
Ecuador,2011,0.0
Ecuador,2012,0.0
Ecuador,2013,1.0
Ecuador,2015,0.0
Ecuador,2016,1.0
Ecuador,2017,0.0
Ecuador,2018,10.0
Ecuador,2019,2.0
Ecuador,2020,0.0
Egypt,1970,0.0
Egypt,1971,1.0
Egypt,1972,0.0
Egypt,1977,1.0
Egypt,1978,2.0
Egypt,1979,1.0
Egypt,1980,1.0
Egypt,1981,67.0
Egypt,1982,0.0
Egypt,1985,2.0
Egypt,1986,12.0
Egypt,1987,1.0
Egypt,1988,1.0
Egypt,1989,1.0
Egypt,1990,21.0
Egypt,1991,8.0
Egypt,1992,49.0
Egypt,1994,173.0
Egypt,1995,134.0
Egypt,1996,97.0
Egypt,1997,165.0
Egypt,1998,9.0
Egypt,1999,1.0
Egypt,2004,37.0
Egypt,2005,92.0
Egypt,2006,19.0
Egypt,2008,0.0
Egypt,2009,1.0
Egypt,2010,0.0
Egypt,2011,28.0
Egypt,2012,44.0
Egypt,2013,243.0
Egypt,2014,343.0
Egypt,2015,829.0
Egypt,2016,609.0
Egypt,2017,878.0
Egypt,2018,98.0
Egypt,2019,152.0
Egypt,2020,143.0
El Salvador,1972,0.0
El Salvador,1973,0.0
El Salvador,1974,0.0
El Salvador,1975,2.0
El Salvador,1976,3.0
El Salvador,1977,4.0
El Salvador,1978,33.0
El Salvador,1979,286.0
El Salvador,1980,2383.0
El Salvador,1981,1578.0
El Salvador,1982,1549.0
El Salvador,1983,1667.0
El Salvador,1984,1315.0
El Salvador,1985,1013.0
El Salvador,1986,293.0
El Salvador,1987,421.0
El Salvador,1988,361.0
El Salvador,1989,350.0
El Salvador,1990,294.0
El Salvador,1991,426.0
El Salvador,1992,23.0
El Salvador,1994,22.0
El Salvador,1995,3.0
El Salvador,1996,26.0
El Salvador,1997,1.0
Equatorial Guinea,1992,1.0
Equatorial Guinea,2009,1.0
Eritrea,1995,0.0
Eritrea,1996,6.0
Eritrea,2007,0.0
Eritrea,2008,4.0
Eritrea,2009,2.0
Eritrea,2010,17.0
Eritrea,2011,17.0
Eritrea,2020,0.0
Estonia,1992,0.0
Estonia,1994,0.0
Estonia,1995,0.0
Estonia,1996,1.0
Estonia,1999,0.0
Estonia,2001,1.0
Estonia,2011,1.0
Estonia,2015,0.0
Ethiopia,1970,1.0
Ethiopia,1971,0.0
Ethiopia,1973,0.0
Ethiopia,1974,3.0
Ethiopia,1975,0.0
Ethiopia,1976,0.0
Ethiopia,1977,5.0
Ethiopia,1978,25.0
Ethiopia,1979,101.0
Ethiopia,1983,0.0
Ethiopia,1984,200.0
Ethiopia,1985,0.0
Ethiopia,1986,40.0
Ethiopia,1987,0.0
Ethiopia,1988,0.0
Ethiopia,1989,1.0
Ethiopia,1990,17.0
Ethiopia,1991,161.0
Ethiopia,1992,330.0
Ethiopia,1994,6.0
Ethiopia,1995,5.0
Ethiopia,1996,133.0
Ethiopia,1997,8.0
Ethiopia,1999,2.0
Ethiopia,2000,3.0
Ethiopia,2002,1.0
Ethiopia,2003,2.0
Ethiopia,2004,1.0
Ethiopia,2005,9.0
Ethiopia,2006,12.0
Ethiopia,2007,204.0
Ethiopia,2008,27.0
Ethiopia,2009,13.0
Ethiopia,2010,8.0
Ethiopia,2011,2.0
Ethiopia,2012,25.0
Ethiopia,2013,17.0
Ethiopia,2014,9.0
Ethiopia,2015,48.0
Ethiopia,2016,279.0
Ethiopia,2017,69.0
Ethiopia,2018,25.0
Ethiopia,2019,83.0
Ethiopia,2020,1330.0
Falkland Islands,1983,0.0
Fiji,1987,0.0
Fiji,1989,0.0
Fiji,1991,0.0
Fiji,1992,1.0
Fiji,1999,0.0
Fiji,2000,7.0
Fiji,2001,0.0
Finland,1986,0.0
Finland,1992,0.0
Finland,1994,0.0
Finland,1995,0.0
Finland,2007,9.0
Finland,2008,0.0
Finland,2015,0.0
Finland,2016,0.0
Finland,2017,2.0
Finland,2018,0.0
Finland,2019,1.0
Finland,2020,0.0
France,1972,1.0
France,1973,5.0
France,1974,3.0
France,1975,3.0
France,1976,7.0
France,1977,3.0
France,1978,21.0
France,1979,11.0
France,1980,20.0
France,1981,8.0
France,1982,17.0
France,1983,20.0
France,1984,15.0
France,1985,17.0
France,1986,25.0
France,1987,5.0
France,1988,6.0
France,1989,3.0
France,1990,3.0
France,1991,6.0
France,1992,9.0
France,1994,7.0
France,1995,19.0
France,1996,18.0
France,1997,0.0
France,1998,1.0
France,1999,0.0
France,2000,4.0
France,2001,0.0
France,2002,0.0
France,2003,0.0
France,2004,0.0
France,2005,0.0
France,2006,1.0
France,2007,3.0
France,2008,0.0
France,2009,0.0
France,2010,0.0
France,2011,0.0
France,2012,8.0
France,2013,0.0
France,2014,1.0
France,2015,162.0
France,2016,94.0
France,2017,7.0
France,2018,13.0
France,2019,8.0
France,2020,11.0
French Guiana,1983,1.0
French Guiana,1996,0.0
French Guiana,1997,0.0
French Polynesia,1995,0.0
Gabon,1979,2.0
Gabon,1994,0.0
Gabon,1996,0.0
Gabon,1997,4.0
Gabon,2017,0.0
Gabon,2019,2.0
Gambia,1994,13.0
Gambia,1995,0.0
Gambia,2000,0.0
Georgia,1991,2.0
Georgia,1992,109.0
Georgia,1994,29.0
Georgia,1995,14.0
Georgia,1996,2.0
Georgia,1997,35.0
Georgia,1998,32.0
Georgia,1999,5.0
Georgia,2000,3.0
Georgia,2001,6.0
Georgia,2002,1.0
Georgia,2003,0.0
Georgia,2004,0.0
Georgia,2005,8.0
Georgia,2006,5.0
Georgia,2008,13.0
Georgia,2009,5.0
Georgia,2010,4.0
Georgia,2011,1.0
Georgia,2012,1.0
Georgia,2013,2.0
Georgia,2014,0.0
Georgia,2015,0.0
Georgia,2016,1.0
Georgia,2017,0.0
Georgia,2018,1.0
Georgia,2020,0.0
Germany,1990,0.0
Germany,1991,11.0
Germany,1992,17.0
Germany,1994,2.0
Germany,1995,10.0
Germany,1996,1.0
Germany,1997,0.0
Germany,1998,0.0
Germany,1999,3.0
Germany,2000,1.0
Germany,2001,3.0
Germany,2002,0.0
Germany,2003,0.0
Germany,2004,1.0
Germany,2005,2.0
Germany,2006,2.0
Germany,2007,1.0
Germany,2008,0.0
Germany,2009,0.0
Germany,2010,0.0
Germany,2011,2.0
Germany,2012,0.0
Germany,2014,0.0
Germany,2015,1.0
Germany,2016,27.0
Germany,2017,1.0
Germany,2018,0.0
Germany,2019,4.0
Germany,2020,14.0
Ghana,1987,0.0
Ghana,1992,0.0
Ghana,1994,13.0
Ghana,1995,2.0
Ghana,1996,3.0
Ghana,1997,1.0
Ghana,2014,0.0
Ghana,2016,0.0
Ghana,2018,2.0
Ghana,2019,2.0
Ghana,2020,4.0
Greece,1970,2.0
Greece,1971,0.0
Greece,1972,0.0
Greece,1973,5.0
Greece,1974,92.0
Greece,1975,1.0
Greece,1976,14.0
Greece,1977,1.0
Greece,1978,0.0
Greece,1979,1.0
Greece,1980,5.0
Greece,1981,3.0
Greece,1982,2.0
Greece,1983,4.0
Greece,1984,5.0
Greece,1985,64.0
Greece,1986,6.0
Greece,1987,2.0
Greece,1988,14.0
Greece,1989,4.0
Greece,1990,2.0
Greece,1991,15.0
Greece,1992,2.0
Greece,1994,3.0
Greece,1995,0.0
Greece,1996,0.0
Greece,1997,1.0
Greece,1998,0.0
Greece,1999,1.0
Greece,2000,1.0
Greece,2001,0.0
Greece,2002,0.0
Greece,2003,0.0
Greece,2004,0.0
Greece,2005,0.0
Greece,2006,0.0
Greece,2007,0.0
Greece,2008,0.0
Greece,2009,1.0
Greece,2010,4.0
Greece,2011,0.0
Greece,2012,1.0
Greece,2013,4.0
Greece,2014,0.0
Greece,2015,1.0
Greece,2016,0.0
Greece,2017,0.0
Greece,2018,3.0
Greece,2019,0.0
Greece,2020,0.0
Grenada,1980,9.0
Grenada,1983,0.0
Guadeloupe,1980,1.0
Guadeloupe,1981,0.0
Guadeloupe,1983,0.0
Guadeloupe,1984,4.0
Guadeloupe,1985,2.0
Guadeloupe,1986,0.0
Guadeloupe,1988,0.0
Guadeloupe,1991,1.0
Guatemala,1970,2.0
Guatemala,1971,0.0
Guatemala,1974,0.0
Guatemala,1975,23.0
Guatemala,1976,8.0
Guatemala,1977,6.0
Guatemala,1978,35.0
Guatemala,1979,53.0
Guatemala,1980,528.0
Guatemala,1981,1381.0
Guatemala,1982,1562.0
Guatemala,1983,530.0
Guatemala,1984,171.0
Guatemala,1985,137.0
Guatemala,1986,54.0
Guatemala,1987,211.0
Guatemala,1988,135.0
Guatemala,1989,43.0
Guatemala,1990,68.0
Guatemala,1991,73.0
Guatemala,1992,28.0
Guatemala,1994,22.0
Guatemala,1995,40.0
Guatemala,1996,14.0
Guatemala,1997,22.0
Guatemala,1999,3.0
Guatemala,2000,2.0
Guatemala,2001,1.0
Guatemala,2003,1.0
Guatemala,2004,3.0
Guatemala,2006,5.0
Guatemala,2012,2.0
Guatemala,2013,4.0
Guatemala,2018,0.0
Guatemala,2020,2.0
Guinea,1980,1.0
Guinea,1992,0.0
Guinea,1994,2.0
Guinea,1996,2.0
Guinea,2000,206.0
Guinea,2005,0.0
Guinea,2013,0.0
Guinea,2015,1.0
Guinea,2016,1.0
Guinea,2018,1.0
Guinea-Bissau,2001,0.0
Guinea-Bissau,2003,1.0
Guinea-Bissau,2005,3.0
Guinea-Bissau,2006,11.0
Guinea-Bissau,2009,1.0
Guinea-Bissau,2012,1.0
Guyana,1978,5.0
Guyana,1979,1.0
Guyana,1980,1.0
Guyana,1981,1.0
Guyana,1990,0.0
Guyana,1992,0.0
Guyana,1997,0.0
Guyana,1998,0.0
Guyana,2001,0.0
Guyana,2002,4.0
Guyana,2003,0.0
Guyana,2006,6.0
Guyana,2008,23.0
Guyana,2016,0.0
Guyana,2019,0.0
Guyana,2020,0.0
Haiti,1973,0.0
Haiti,1974,0.0
Haiti,1983,5.0
Haiti,1987,4.0
Haiti,1988,3.0
Haiti,1989,0.0
Haiti,1990,13.0
Haiti,1991,137.0
Haiti,1992,18.0
Haiti,1994,87.0
Haiti,1995,16.0
Haiti,1996,14.0
Haiti,1997,9.0
Haiti,1998,0.0
Haiti,1999,3.0
Haiti,2000,5.0
Haiti,2001,0.0
Haiti,2002,0.0
Haiti,2003,4.0
Haiti,2004,7.0
Haiti,2005,1.0
Haiti,2006,2.0
Haiti,2007,1.0
Haiti,2016,7.0
Haiti,2018,0.0
Haiti,2019,2.0
Haiti,2020,2.0
Honduras,1973,0.0
Honduras,1979,1.0
Honduras,1980,6.0
Honduras,1981,7.0
Honduras,1982,24.0
Honduras,1983,75.0
Honduras,1984,5.0
Honduras,1985,7.0
Honduras,1986,10.0
Honduras,1987,21.0
Honduras,1988,32.0
Honduras,1989,9.0
Honduras,1990,3.0
Honduras,1991,18.0
Honduras,1992,5.0
Honduras,1994,10.0
Honduras,1995,8.0
Honduras,1996,11.0
Honduras,1997,14.0
Honduras,2002,0.0
Honduras,2004,28.0
Honduras,2009,2.0
Honduras,2011,2.0
Honduras,2013,5.0
Honduras,2014,0.0
Honduras,2016,2.0
Honduras,2017,2.0
Honduras,2019,4.0
Honduras,2020,2.0
Hong Kong,1980,0.0
Hong Kong,1981,0.0
Hong Kong,1989,0.0
Hong Kong,1990,0.0
Hong Kong,1991,0.0
Hong Kong,1992,1.0
Hong Kong,1994,3.0
Hong Kong,1995,0.0
Hong Kong,1996,0.0
Hong Kong,2000,0.0
Hong Kong,2001,0.0
Hong Kong,2005,0.0
Hong Kong,2008,0.0
Hungary,1989,0.0
Hungary,1991,0.0
Hungary,1992,0.0
Hungary,1994,0.0
Hungary,1996,0.0
Hungary,1997,3.0
Hungary,1998,0.0
Hungary,2001,1.0
Hungary,2008,0.0
Hungary,2009,2.0
Hungary,2014,0.0
Hungary,2015,0.0
Hungary,2016,0.0
Hungary,2019,0.0
Iceland,1983,0.0
Iceland,1986,0.0
Iceland,2012,0.0
Iceland,2014,0.0
India,1972,0.0
India,1975,4.0
India,1976,0.0
India,1977,0.0
India,1979,31.0
India,1980,17.0
India,1981,24.0
India,1982,64.0
India,1983,59.0
India,1984,195.0
India,1985,51.0
India,1986,340.0
India,1987,506.0
India,1988,966.0
India,1989,874.0
India,1990,907.0
India,1991,1113.0
India,1992,1152.0
India,1994,389.0
India,1995,361.0
India,1996,569.0
India,1997,853.0
India,1998,398.0
India,1999,469.0
India,2000,671.0
India,2001,660.0
India,2002,599.0
India,2003,472.0
India,2004,334.0
India,2005,468.0
India,2006,722.0
India,2007,626.0
India,2008,904.0
India,2009,774.0
India,2010,812.0
India,2011,499.0
India,2012,264.0
India,2013,467.0
India,2014,490.0
India,2015,387.0
India,2016,467.0
India,2017,465.0
India,2018,413.0
India,2019,310.0
India,2020,212.0
Indonesia,1977,1.0
Indonesia,1978,0.0
Indonesia,1981,4.0
Indonesia,1984,2.0
Indonesia,1985,7.0
Indonesia,1986,0.0
Indonesia,1989,85.0
Indonesia,1990,12.0
Indonesia,1991,21.0
Indonesia,1992,33.0
Indonesia,1994,1.0
Indonesia,1995,41.0
Indonesia,1996,30.0
Indonesia,1997,102.0
Indonesia,1998,9.0
Indonesia,1999,67.0
Indonesia,2000,146.0
Indonesia,2001,134.0
Indonesia,2002,246.0
Indonesia,2003,26.0
Indonesia,2004,42.0
Indonesia,2005,66.0
Indonesia,2006,6.0
Indonesia,2007,0.0
Indonesia,2008,0.0
Indonesia,2009,15.0
Indonesia,2010,0.0
Indonesia,2011,20.0
Indonesia,2012,15.0
Indonesia,2013,23.0
Indonesia,2014,20.0
Indonesia,2015,22.0
Indonesia,2016,22.0
Indonesia,2017,20.0
Indonesia,2018,71.0
Indonesia,2019,21.0
Indonesia,2020,15.0
International,2002,1.0
Iran,1970,0.0
Iran,1971,4.0
Iran,1972,1.0
Iran,1973,1.0
Iran,1974,1.0
Iran,1975,8.0
Iran,1976,5.0
Iran,1977,2.0
Iran,1978,447.0
Iran,1979,57.0
Iran,1980,55.0
Iran,1981,224.0
Iran,1982,139.0
Iran,1983,0.0
Iran,1984,29.0
Iran,1985,22.0
Iran,1986,39.0
Iran,1987,0.0
Iran,1988,18.0
Iran,1989,14.0
Iran,1990,10.0
Iran,1991,2.0
Iran,1992,9.0
Iran,1994,74.0
Iran,1995,0.0
Iran,1996,3.0
Iran,1998,6.0
Iran,1999,4.0
Iran,2000,5.0
Iran,2001,0.0
Iran,2003,0.0
Iran,2005,13.0
Iran,2006,48.0
Iran,2007,24.0
Iran,2008,26.0
Iran,2009,97.0
Iran,2010,115.0
Iran,2011,18.0
Iran,2012,12.0
Iran,2013,39.0
Iran,2014,13.0
Iran,2015,38.0
Iran,2016,12.0
Iran,2017,39.0
Iran,2018,66.0
Iran,2019,37.0
Iran,2020,6.0
Iraq,1975,0.0
Iraq,1976,12.0
Iraq,1979,1.0
Iraq,1980,8.0
Iraq,1981,0.0
Iraq,1982,96.0
Iraq,1983,1.0
Iraq,1984,0.0
Iraq,1987,0.0
Iraq,1988,43.0
Iraq,1989,0.0
Iraq,1991,1.0
Iraq,1992,117.0
Iraq,1994,75.0
Iraq,1995,156.0
Iraq,1996,11.0
Iraq,1997,106.0
Iraq,1998,19.0
Iraq,1999,32.0
Iraq,2000,10.0
Iraq,2001,9.0
Iraq,2002,10.0
Iraq,2003,391.0
Iraq,2004,2171.0
Iraq,2005,3384.0
Iraq,2006,4612.0
Iraq,2007,6665.0
Iraq,2008,2864.0
Iraq,2009,2585.0
Iraq,2010,2074.0
Iraq,2011,1870.0
Iraq,2012,2679.0
Iraq,2013,7042.0
Iraq,2014,14095.0
Iraq,2015,8885.0
Iraq,2016,12276.0
Iraq,2017,6619.0
Iraq,2018,1432.0
Iraq,2019,799.0
Iraq,2020,525.0
Ireland,1970,1.0
Ireland,1971,1.0
Ireland,1972,6.0
Ireland,1973,4.0
Ireland,1974,34.0
Ireland,1975,7.0
Ireland,1976,5.0
Ireland,1977,2.0
Ireland,1978,1.0
Ireland,1979,9.0
Ireland,1980,3.0
Ireland,1981,2.0
Ireland,1982,2.0
Ireland,1983,5.0
Ireland,1984,1.0
Ireland,1985,2.0
Ireland,1986,0.0
Ireland,1987,6.0
Ireland,1989,3.0
Ireland,1990,0.0
Ireland,1991,3.0
Ireland,1992,0.0
Ireland,1994,4.0
Ireland,1995,1.0
Ireland,1996,1.0
Ireland,1997,0.0
Ireland,1998,1.0
Ireland,1999,0.0
Ireland,2001,0.0
Ireland,2003,0.0
Ireland,2006,1.0
Ireland,2007,0.0
Ireland,2008,0.0
Ireland,2010,0.0
Ireland,2011,1.0
Ireland,2012,0.0
Ireland,2013,0.0
Ireland,2014,0.0
Ireland,2015,0.0
Ireland,2016,2.0
Ireland,2017,0.0
Ireland,2018,0.0
Ireland,2019,0.0
Ireland,2020,0.0
Israel,1971,1.0
Israel,1972,26.0
Israel,1973,2.0
Israel,1974,78.0
Israel,1975,24.0
Israel,1976,1.0
Israel,1977,5.0
Israel,1978,52.0
Israel,1979,63.0
Israel,1980,14.0
Israel,1981,3.0
Israel,1982,0.0
Israel,1983,16.0
Israel,1984,7.0
Israel,1985,0.0
Israel,1986,8.0
Israel,1987,11.0
Israel,1988,12.0
Israel,1989,35.0
Israel,1990,45.0
Israel,1991,24.0
Israel,1992,28.0
Israel,1994,54.0
Israel,1995,17.0
Israel,1996,70.0
Israel,1997,31.0
Israel,1998,17.0
Israel,1999,6.0
Israel,2000,11.0
Israel,2001,135.0
Israel,2002,326.0
Israel,2003,150.0
Israel,2004,57.0
Israel,2005,41.0
Israel,2006,56.0
Israel,2007,10.0
Israel,2008,31.0
Israel,2009,1.0
Israel,2010,4.0
Israel,2011,21.0
Israel,2012,14.0
Israel,2013,2.0
Israel,2014,49.0
Israel,2015,20.0
Israel,2016,16.0
Israel,2017,4.0
Israel,2018,9.0
Israel,2019,9.0
Israel,2020,9.0
Italy,1970,0.0
Italy,1971,0.0
Italy,1972,1.0
Italy,1973,62.0
Italy,1974,23.0
Italy,1975,0.0
Italy,1976,9.0
Italy,1977,25.0
Italy,1978,26.0
Italy,1979,24.0
Italy,1980,134.0
Italy,1981,24.0
Italy,1982,12.0
Italy,1983,2.0
Italy,1984,23.0
Italy,1985,19.0
Italy,1986,1.0
Italy,1987,3.0
Italy,1988,6.0
Italy,1989,0.0
Italy,1990,0.0
Italy,1991,0.0
Italy,1992,17.0
Italy,1994,2.0
Italy,1995,0.0
Italy,1996,0.0
Italy,1997,0.0
Italy,1998,0.0
Italy,1999,1.0
Italy,2000,0.0
Italy,2001,0.0
Italy,2002,1.0
Italy,2003,0.0
Italy,2004,1.0
Italy,2005,1.0
Italy,2006,0.0
Italy,2008,0.0
Italy,2009,0.0
Italy,2010,0.0
Italy,2011,2.0
Italy,2012,0.0
Italy,2013,0.0
Italy,2014,0.0
Italy,2015,0.0
Italy,2016,1.0
Italy,2017,0.0
Italy,2018,0.0
Italy,2019,0.0
Italy,2020,0.0
Ivory Coast,1992,1.0
Ivory Coast,1994,5.0
Ivory Coast,1995,40.0
Ivory Coast,1996,5.0
Ivory Coast,1997,0.0
Ivory Coast,2000,4.0
Ivory Coast,2001,12.0
Ivory Coast,2002,3.0
Ivory Coast,2004,12.0
Ivory Coast,2005,41.0
Ivory Coast,2006,20.0
Ivory Coast,2007,0.0
Ivory Coast,2010,10.0
Ivory Coast,2011,23.0
Ivory Coast,2012,45.0
Ivory Coast,2013,4.0
Ivory Coast,2014,4.0
Ivory Coast,2015,14.0
Ivory Coast,2016,22.0
Ivory Coast,2017,3.0
Ivory Coast,2018,2.0
Ivory Coast,2019,0.0
Ivory Coast,2020,16.0
Jamaica,1974,0.0
Jamaica,1976,0.0
Jamaica,1979,4.0
Jamaica,1980,11.0
Jamaica,1981,5.0
Jamaica,1986,3.0
Jamaica,1991,0.0
Jamaica,1992,5.0
Jamaica,1994,2.0
Jamaica,1995,1.0
Jamaica,1996,1.0
Jamaica,1997,10.0
Jamaica,2007,0.0
Jamaica,2014,0.0
Jamaica,2017,0.0
Japan,1970,0.0
Japan,1973,0.0
Japan,1974,0.0
Japan,1975,0.0
Japan,1976,2.0
Japan,1977,0.0
Japan,1978,4.0
Japan,1979,5.0
Japan,1981,0.0
Japan,1982,0.0
Japan,1983,2.0
Japan,1984,0.0
Japan,1985,2.0
Japan,1986,3.0
Japan,1987,1.0
Japan,1988,0.0
Japan,1989,2.0
Japan,1990,2.0
Japan,1991,1.0
Japan,1992,0.0
Japan,1994,8.0
Japan,1995,15.0
Japan,1996,0.0
Japan,1997,0.0
Japan,1998,0.0
Japan,1999,0.0
Japan,2000,0.0
Japan,2001,0.0
Japan,2002,0.0
Japan,2003,0.0
Japan,2008,0.0
Japan,2009,0.0
Japan,2013,0.0
Japan,2014,0.0
Japan,2015,0.0
Japan,2016,19.0
Japan,2018,0.0
Japan,2019,0.0
Jordan,1970,1.0
Jordan,1971,0.0
Jordan,1972,2.0
Jordan,1973,0.0
Jordan,1976,9.0
Jordan,1980,1.0
Jordan,1981,0.0
Jordan,1982,0.0
Jordan,1983,0.0
Jordan,1984,1.0
Jordan,1988,0.0
Jordan,1990,0.0
Jordan,1991,1.0
Jordan,1992,1.0
Jordan,1994,0.0
Jordan,1995,1.0
Jordan,1996,0.0
Jordan,1997,0.0
Jordan,1998,0.0
Jordan,1999,0.0
Jordan,2000,0.0
Jordan,2001,1.0
Jordan,2002,3.0
Jordan,2005,62.0
Jordan,2006,1.0
Jordan,2010,1.0
Jordan,2012,1.0
Jordan,2013,0.0
Jordan,2014,1.0
Jordan,2015,7.0
Jordan,2016,35.0
Jordan,2017,4.0
Jordan,2018,3.0
Jordan,2019,4.0
Kazakhstan,1992,9.0
Kazakhstan,1994,0.0
Kazakhstan,1997,2.0
Kazakhstan,2000,2.0
Kazakhstan,2001,0.0
Kazakhstan,2008,2.0
Kazakhstan,2011,12.0
Kazakhstan,2012,2.0
Kazakhstan,2013,0.0
Kazakhstan,2016,10.0
Kazakhstan,2019,0.0
Kazakhstan,2020,0.0
Kenya,1975,27.0
Kenya,1976,0.0
Kenya,1978,4.0
Kenya,1980,15.0
Kenya,1989,4.0
Kenya,1991,0.0
Kenya,1992,155.0
Kenya,1994,40.0
Kenya,1995,2.0
Kenya,1996,2.0
Kenya,1997,36.0
Kenya,1998,226.0
Kenya,2000,26.0
Kenya,2001,13.0
Kenya,2002,16.0
Kenya,2003,3.0
Kenya,2005,56.0
Kenya,2006,18.0
Kenya,2007,33.0
Kenya,2008,103.0
Kenya,2009,0.0
Kenya,2010,19.0
Kenya,2011,42.0
Kenya,2012,107.0
Kenya,2013,207.0
Kenya,2014,315.0
Kenya,2015,268.0
Kenya,2016,72.0
Kenya,2017,126.0
Kenya,2018,74.0
Kenya,2019,105.0
Kenya,2020,59.0
Kosovo,1999,23.0
Kosovo,2000,23.0
Kosovo,2001,20.0
Kosovo,2002,1.0
Kosovo,2003,7.0
Kosovo,2004,0.0
Kosovo,2005,1.0
Kosovo,2006,0.0
Kosovo,2007,1.0
Kosovo,2008,0.0
Kosovo,2009,0.0
Kosovo,2010,1.0
Kosovo,2011,0.0
Kosovo,2012,3.0
Kosovo,2013,1.0
Kosovo,2014,2.0
Kosovo,2015,0.0
Kosovo,2016,0.0
Kosovo,2017,0.0
Kosovo,2018,1.0
Kosovo,2020,0.0
Kuwait,1972,0.0
Kuwait,1974,0.0
Kuwait,1975,0.0
Kuwait,1976,0.0
Kuwait,1978,1.0
Kuwait,1980,0.0
Kuwait,1981,2.0
Kuwait,1982,0.0
Kuwait,1983,1.0
Kuwait,1984,4.0
Kuwait,1985,11.0
Kuwait,1986,0.0
Kuwait,1987,1.0
Kuwait,1988,2.0
Kuwait,1991,1.0
Kuwait,1992,2.0
Kuwait,1994,0.0
Kuwait,1997,0.0
Kuwait,2001,2.0
Kuwait,2002,4.0
Kuwait,2003,1.0
Kuwait,2005,2.0
Kuwait,2011,0.0
Kuwait,2015,28.0
Kuwait,2016,1.0
Kyrgyzstan,1996,0.0
Kyrgyzstan,1999,1.0
Kyrgyzstan,2000,2.0
Kyrgyzstan,2001,0.0
Kyrgyzstan,2002,2.0
Kyrgyzstan,2003,1.0
Kyrgyzstan,2005,0.0
Kyrgyzstan,2006,1.0
Kyrgyzstan,2007,0.0
Kyrgyzstan,2010,0.0
Kyrgyzstan,2011,0.0
Kyrgyzstan,2014,1.0
Kyrgyzstan,2015,1.0
Kyrgyzstan,2016,1.0
Kyrgyzstan,2017,1.0
Kyrgyzstan,2018,0.0
Kyrgyzstan,2020,0.0
Laos,1989,2.0
Laos,1990,0.0
Laos,1992,3.0
Laos,1994,2.0
Laos,1996,5.0
Laos,2000,1.0
Laos,2001,0.0
Laos,2003,10.0
Laos,2012,0.0
Laos,2015,0.0
Laos,2016,3.0
Laos,2017,1.0
Latvia,1992,0.0
Latvia,1994,1.0
Latvia,1995,0.0
Latvia,1997,0.0
Latvia,1998,0.0
Latvia,1999,0.0
Latvia,2000,1.0
Latvia,2007,0.0
Latvia,2017,0.0
Lebanon,1970,0.0
Lebanon,1971,0.0
Lebanon,1972,0.0
Lebanon,1973,4.0
Lebanon,1974,0.0
Lebanon,1975,28.0
Lebanon,1976,4.0
Lebanon,1977,3.0
Lebanon,1978,107.0
Lebanon,1979,33.0
Lebanon,1980,90.0
Lebanon,1981,264.0
Lebanon,1982,234.0
Lebanon,1983,615.0
Lebanon,1984,61.0
Lebanon,1985,656.0
Lebanon,1986,247.0
Lebanon,1987,178.0
Lebanon,1988,176.0
Lebanon,1989,114.0
Lebanon,1990,113.0
Lebanon,1991,98.0
Lebanon,1992,79.0
Lebanon,1994,57.0
Lebanon,1995,35.0
Lebanon,1996,57.0
Lebanon,1997,36.0
Lebanon,1998,17.0
Lebanon,1999,23.0
Lebanon,2000,12.0
Lebanon,2001,0.0
Lebanon,2002,2.0
Lebanon,2003,3.0
Lebanon,2004,1.0
Lebanon,2005,32.0
Lebanon,2006,17.0
Lebanon,2007,40.0
Lebanon,2008,142.0
Lebanon,2009,17.0
Lebanon,2010,2.0
Lebanon,2011,1.0
Lebanon,2012,9.0
Lebanon,2013,190.0
Lebanon,2014,135.0
Lebanon,2015,111.0
Lebanon,2016,25.0
Lebanon,2017,17.0
Lebanon,2018,2.0
Lebanon,2019,8.0
Lebanon,2020,10.0
Lesotho,1979,0.0
Lesotho,1981,10.0
Lesotho,1982,0.0
Lesotho,1983,30.0
Lesotho,1984,1.0
Lesotho,1988,4.0
Lesotho,1994,0.0
Lesotho,2006,0.0
Lesotho,2009,0.0
Lesotho,2015,1.0
Liberia,1990,2.0
Liberia,1991,0.0
Liberia,1992,37.0
Liberia,1994,110.0
Liberia,1996,10.0
Liberia,1999,0.0
Liberia,2000,0.0
Liberia,2001,1.0
Liberia,2002,3.0
Liberia,2003,2.0
Liberia,2008,12.0
Liberia,2012,0.0
Liberia,2014,0.0
Liberia,2017,0.0
Liberia,2019,0.0
Libya,1979,0.0
Libya,1980,0.0
Libya,1984,15.0
Libya,1992,0.0
Libya,1995,0.0
Libya,1996,12.0
Libya,2007,0.0
Libya,2008,0.0
Libya,2011,0.0
Libya,2012,33.0
Libya,2013,232.0
Libya,2014,694.0
Libya,2015,689.0
Libya,2016,634.0
Libya,2017,290.0
Libya,2018,244.0
Libya,2019,90.0
Libya,2020,11.0
Lithuania,1991,0.0
Lithuania,1992,0.0
Lithuania,1995,0.0
Lithuania,1996,0.0
Lithuania,1997,1.0
Lithuania,2018,0.0
Lithuania,2019,0.0
Luxembourg,1983,0.0
Luxembourg,1985,0.0
Luxembourg,1986,0.0
Luxembourg,1994,0.0
Macau,1995,0.0
Macau,1996,0.0
Macau,1997,1.0
Macau,1998,0.0
Macedonia,1994,0.0
Macedonia,1995,1.0
Macedonia,1997,0.0
Macedonia,1998,0.0
Macedonia,1999,0.0
Macedonia,2000,3.0
Macedonia,2001,35.0
Macedonia,2002,3.0
Macedonia,2003,0.0
Macedonia,2006,0.0
Macedonia,2007,0.0
Macedonia,2008,2.0
Macedonia,2009,0.0
Macedonia,2012,5.0
Macedonia,2014,0.0
Macedonia,2015,0.0
Macedonia,2017,0.0
Madagascar,1991,4.0
Madagascar,1992,16.0
Madagascar,1995,4.0
Madagascar,1996,1.0
Madagascar,1997,0.0
Madagascar,2002,0.0
Madagascar,2006,0.0
Madagascar,2009,2.0
Madagascar,2011,0.0
Madagascar,2012,0.0
Madagascar,2013,0.0
Madagascar,2014,1.0
Madagascar,2016,3.0
Malawi,1992,32.0
Malawi,2002,1.0
Malawi,2017,0.0
Malawi,2018,0.0
Malawi,2019,0.0
Malaysia,1973,0.0
Malaysia,1975,0.0
Malaysia,1977,100.0
Malaysia,1979,5.0
Malaysia,1983,0.0
Malaysia,1986,20.0
Malaysia,1988,9.0
Malaysia,1989,0.0
Malaysia,1990,0.0
Malaysia,1991,0.0
Malaysia,1992,0.0
Malaysia,2000,2.0
Malaysia,2001,0.0
Malaysia,2008,0.0
Malaysia,2009,0.0
Malaysia,2012,2.0
Malaysia,2013,2.0
Malaysia,2014,1.0
Malaysia,2015,1.0
Malaysia,2016,6.0
Malaysia,2017,4.0
Malaysia,2018,3.0
Malaysia,2019,0.0
Malaysia,2020,1.0
Maldives,1988,19.0
Maldives,2006,0.0
Maldives,2007,0.0
Maldives,2008,0.0
Maldives,2012,1.0
Maldives,2013,0.0
Maldives,2014,1.0
Maldives,2015,0.0
Maldives,2016,0.0
Maldives,2017,1.0
Maldives,2018,0.0
Maldives,2019,0.0
Maldives,2020,0.0
Mali,1990,14.0
Mali,1991,43.0
Mali,1992,5.0
Mali,1994,131.0
Mali,1995,2.0
Mali,1997,0.0
Mali,2005,0.0
Mali,2007,20.0
Mali,2008,55.0
Mali,2009,30.0
Mali,2010,1.0
Mali,2011,5.0
Mali,2012,53.0
Mali,2013,137.0
Mali,2014,125.0
Mali,2015,269.0
Mali,2016,182.0
Mali,2017,363.0
Mali,2018,584.0
Mali,2019,826.0
Mali,2020,566.0
Malta,1977,1.0
Malta,1984,0.0
Malta,1985,0.0
Malta,1986,1.0
Malta,1987,0.0
Malta,1992,1.0
Malta,1995,1.0
Malta,1997,0.0
Malta,2014,0.0
Malta,2015,0.0
Malta,2017,1.0
Martinique,1981,0.0
Martinique,1983,0.0
Martinique,1984,0.0
Martinique,1987,0.0
Martinique,1988,0.0
Martinique,1991,0.0
Martinique,1992,0.0
Mauritania,1977,4.0
Mauritania,1996,0.0
Mauritania,2004,0.0
Mauritania,2005,23.0
Mauritania,2008,12.0
Mauritania,2009,2.0
Mauritania,2010,1.0
Mauritania,2011,1.0
Mauritania,2018,0.0
Mauritius,1988,0.0
Mauritius,1989,0.0
Mexico,1970,0.0
Mexico,1972,0.0
Mexico,1973,1.0
Mexico,1974,2.0
Mexico,1975,32.0
Mexico,1976,26.0
Mexico,1977,11.0
Mexico,1978,7.0
Mexico,1979,5.0
Mexico,1980,3.0
Mexico,1981,0.0
Mexico,1982,1.0
Mexico,1983,0.0
Mexico,1984,13.0
Mexico,1985,0.0
Mexico,1986,0.0
Mexico,1987,0.0
Mexico,1988,2.0
Mexico,1989,0.0
Mexico,1990,3.0
Mexico,1991,13.0
Mexico,1992,6.0
Mexico,1994,88.0
Mexico,1995,61.0
Mexico,1996,96.0
Mexico,1997,229.0
Mexico,1998,3.0
Mexico,1999,0.0
Mexico,2000,5.0
Mexico,2001,13.0
Mexico,2003,2.0
Mexico,2004,0.0
Mexico,2005,2.0
Mexico,2006,7.0
Mexico,2007,25.0
Mexico,2008,21.0
Mexico,2009,2.0
Mexico,2010,0.0
Mexico,2011,0.0
Mexico,2012,17.0
Mexico,2013,47.0
Mexico,2014,1.0
Mexico,2015,9.0
Mexico,2016,6.0
Mexico,2017,27.0
Mexico,2018,23.0
Mexico,2019,24.0
Mexico,2020,13.0
Moldova,1991,0.0
Moldova,1992,10.0
Moldova,1994,1.0
Moldova,1996,0.0
Moldova,1997,0.0
Moldova,2000,0.0
Moldova,2006,2.0
Moldova,2009,0.0
Moldova,2012,0.0
Moldova,2016,0.0
Montenegro,2001,1.0
Montenegro,2007,0.0
Montenegro,2013,0.0
Montenegro,2015,0.0
Montenegro,2018,1.0
Morocco,1973,0.0
Morocco,1976,0.0
Morocco,1978,10.0
Morocco,1979,0.0
Morocco,1985,0.0
Morocco,1986,2.0
Morocco,1987,200.0
Morocco,1991,3.0
Morocco,1992,2.0
Morocco,1994,0.0
Morocco,1995,0.0
Morocco,1996,0.0
Morocco,2003,45.0
Morocco,2007,13.0
Morocco,2011,17.0
Morocco,2015,0.0
Morocco,2018,2.0
Mozambique,1978,2.0
Mozambique,1979,34.0
Mozambique,1981,6.0
Mozambique,1982,18.0
Mozambique,1983,5.0
Mozambique,1984,56.0
Mozambique,1985,8.0
Mozambique,1986,470.0
Mozambique,1987,468.0
Mozambique,1988,145.0
Mozambique,1989,710.0
Mozambique,1990,185.0
Mozambique,1991,271.0
Mozambique,1992,155.0
Mozambique,1994,0.0
Mozambique,1995,15.0
Mozambique,1999,0.0
Mozambique,2000,1.0
Mozambique,2007,6.0
Mozambique,2012,1.0
Mozambique,2013,37.0
Mozambique,2014,22.0
Mozambique,2015,12.0
Mozambique,2016,62.0
Mozambique,2017,24.0
Mozambique,2018,138.0
Mozambique,2019,333.0
Mozambique,2020,709.0
Myanmar,1973,0.0
Myanmar,1976,0.0
Myanmar,1979,86.0
Myanmar,1980,6.0
Myanmar,1982,3.0
Myanmar,1983,21.0
Myanmar,1987,0.0
Myanmar,1988,93.0
Myanmar,1989,80.0
Myanmar,1990,71.0
Myanmar,1991,90.0
Myanmar,1992,139.0
Myanmar,1994,18.0
Myanmar,1995,30.0
Myanmar,1996,86.0
Myanmar,1997,16.0
Myanmar,1999,10.0
Myanmar,2001,8.0
Myanmar,2002,5.0
Myanmar,2003,18.0
Myanmar,2004,1.0
Myanmar,2005,21.0
Myanmar,2006,0.0
Myanmar,2007,10.0
Myanmar,2008,14.0
Myanmar,2009,46.0
Myanmar,2010,13.0
Myanmar,2011,0.0
Myanmar,2012,16.0
Myanmar,2013,11.0
Myanmar,2014,17.0
Myanmar,2015,60.0
Myanmar,2016,73.0
Myanmar,2017,218.0
Myanmar,2018,37.0
Myanmar,2019,84.0
Myanmar,2020,41.0
Namibia,1975,1.0
Namibia,1976,3.0
Namibia,1978,2.0
Namibia,1979,32.0
Namibia,1980,2.0
Namibia,1982,2.0
Namibia,1983,4.0
Namibia,1984,26.0
Namibia,1985,74.0
Namibia,1986,5.0
Namibia,1987,2.0
Namibia,1988,25.0
Namibia,1989,1.0
Namibia,1990,0.0
Namibia,1991,3.0
Namibia,1994,0.0
Namibia,1999,13.0
Namibia,2000,24.0
Namibia,2001,1.0
Nepal,1985,6.0
Nepal,1991,0.0
Nepal,1992,9.0
Nepal,1994,4.0
Nepal,1996,6.0
Nepal,1997,15.0
Nepal,1999,23.0
Nepal,2000,91.0
Nepal,2001,172.0
Nepal,2002,486.0
Nepal,2003,22.0
Nepal,2004,630.0
Nepal,2005,211.0
Nepal,2006,133.0
Nepal,2007,44.0
Nepal,2008,50.0
Nepal,2009,20.0
Nepal,2010,10.0
Nepal,2011,16.0
Nepal,2012,9.0
Nepal,2013,3.0
Nepal,2014,0.0
Nepal,2015,0.0
Nepal,2016,5.0
Nepal,2017,4.0
Nepal,2018,0.0
Nepal,2019,7.0
Nepal,2020,1.0
Netherlands,1970,1.0
Netherlands,1971,0.0
Netherlands,1972,0.0
Netherlands,1973,1.0
Netherlands,1974,1.0
Netherlands,1975,4.0
Netherlands,1976,0.0
Netherlands,1977,9.0
Netherlands,1978,1.0
Netherlands,1979,3.0
Netherlands,1980,0.0
Netherlands,1981,0.0
Netherlands,1982,0.0
Netherlands,1983,0.0
Netherlands,1984,0.0
Netherlands,1985,0.0
Netherlands,1986,0.0
Netherlands,1987,0.0
Netherlands,1988,4.0
Netherlands,1989,0.0
Netherlands,1990,2.0
Netherlands,1991,0.0
Netherlands,1992,0.0
Netherlands,1994,0.0
Netherlands,1995,1.0
Netherlands,1996,0.0
Netherlands,1997,0.0
Netherlands,1999,0.0
Netherlands,2000,0.0
Netherlands,2001,0.0
Netherlands,2002,1.0
Netherlands,2003,0.0
Netherlands,2004,1.0
Netherlands,2008,0.0
Netherlands,2009,7.0
Netherlands,2010,0.0
Netherlands,2011,0.0
Netherlands,2014,0.0
Netherlands,2015,0.0
Netherlands,2016,0.0
Netherlands,2017,0.0
Netherlands,2018,1.0
Netherlands,2019,4.0
Netherlands,2020,0.0
New Caledonia,1984,11.0
New Caledonia,1985,0.0
New Caledonia,1986,0.0
New Caledonia,1988,22.0
New Caledonia,1989,2.0
New Caledonia,1992,0.0
New Caledonia,2017,0.0
New Caledonia,2018,0.0
New Caledonia,2019,0.0
New Caledonia,2020,0.0
New Hebrides,1980,0.0
New Zealand,1973,0.0
New Zealand,1981,0.0
New Zealand,1984,1.0
New Zealand,1991,0.0
New Zealand,1994,0.0
New Zealand,1996,0.0
New Zealand,1997,0.0
New Zealand,2001,0.0
New Zealand,2003,0.0
New Zealand,2008,0.0
New Zealand,2014,0.0
New Zealand,2016,0.0
New Zealand,2019,51.0
New Zealand,2020,0.0
Nicaragua,1970,0.0
Nicaragua,1974,0.0
Nicaragua,1975,11.0
Nicaragua,1977,26.0
Nicaragua,1978,93.0
Nicaragua,1979,187.0
Nicaragua,1980,37.0
Nicaragua,1981,172.0
Nicaragua,1982,254.0
Nicaragua,1983,3277.0
Nicaragua,1984,3617.0
Nicaragua,1985,1575.0
Nicaragua,1986,395.0
Nicaragua,1987,549.0
Nicaragua,1988,208.0
Nicaragua,1989,48.0
Nicaragua,1990,23.0
Nicaragua,1991,54.0
Nicaragua,1992,22.0
Nicaragua,1994,12.0
Nicaragua,1995,6.0
Nicaragua,1996,18.0
Nicaragua,1997,7.0
Nicaragua,1999,0.0
Nicaragua,2000,2.0
Nicaragua,2014,5.0
Nicaragua,2018,9.0
Nicaragua,2019,0.0
Nicaragua,2020,1.0
Niger,1985,3.0
Niger,1989,171.0
Niger,1991,8.0
Niger,1992,34.0
Niger,1994,53.0
Niger,1995,22.0
Niger,1996,2.0
Niger,1997,32.0
Niger,1999,4.0
Niger,2007,66.0
Niger,2008,6.0
Niger,2009,18.0
Niger,2010,9.0
Niger,2011,4.0
Niger,2012,1.0
Niger,2013,26.0
Niger,2014,11.0
Niger,2015,666.0
Niger,2016,190.0
Niger,2017,148.0
Niger,2018,75.0
Niger,2019,364.0
Niger,2020,371.0
Nigeria,1976,3.0
Nigeria,1980,0.0
Nigeria,1983,1.0
Nigeria,1988,4.0
Nigeria,1991,10.0
Nigeria,1992,135.0
Nigeria,1994,15.0
Nigeria,1995,1.0
Nigeria,1996,24.0
Nigeria,1997,107.0
Nigeria,1998,9.0
Nigeria,1999,134.0
Nigeria,2000,0.0
Nigeria,2001,3.0
Nigeria,2002,28.0
Nigeria,2003,28.0
Nigeria,2004,41.0
Nigeria,2005,19.0
Nigeria,2006,254.0
Nigeria,2007,82.0
Nigeria,2008,72.0
Nigeria,2009,316.0
Nigeria,2010,117.0
Nigeria,2011,447.0
Nigeria,2012,1506.0
Nigeria,2013,2015.0
Nigeria,2014,7775.0
Nigeria,2015,5567.0
Nigeria,2016,2174.0
Nigeria,2017,1809.0
Nigeria,2018,2577.0
Nigeria,2019,1718.0
Nigeria,2020,2102.0
North Korea,1994,3.0
North Yemen,1974,0.0
North Yemen,1977,1.0
North Yemen,1978,1.0
North Yemen,1981,1.0
North Yemen,1988,0.0
Norway,1979,0.0
Norway,1981,0.0
Norway,1987,1.0
Norway,1991,0.0
Norway,1992,0.0
Norway,1994,0.0
Norway,1996,0.0
Norway,2001,1.0
Norway,2003,0.0
Norway,2006,0.0
Norway,2010,0.0
Norway,2011,77.0
Norway,2017,0.0
Norway,2019,1.0
Norway,2020,0.0
Pakistan,1970,4.0
Pakistan,1974,0.0
Pakistan,1975,1.0
Pakistan,1976,1.0
Pakistan,1978,5.0
Pakistan,1979,6.0
Pakistan,1980,17.0
Pakistan,1981,4.0
Pakistan,1982,3.0
Pakistan,1983,10.0
Pakistan,1984,12.0
Pakistan,1985,0.0
Pakistan,1986,60.0
Pakistan,1987,183.0
Pakistan,1988,136.0
Pakistan,1989,56.0
Pakistan,1990,188.0
Pakistan,1991,231.0
Pakistan,1992,152.0
Pakistan,1994,354.0
Pakistan,1995,712.0
Pakistan,1996,423.0
Pakistan,1997,443.0
Pakistan,1998,151.0
Pakistan,1999,127.0
Pakistan,2000,118.0
Pakistan,2001,109.0
Pakistan,2002,105.0
Pakistan,2003,119.0
Pakistan,2004,304.0
Pakistan,2005,152.0
Pakistan,2006,315.0
Pakistan,2007,1406.0
Pakistan,2008,1184.0
Pakistan,2009,1487.0
Pakistan,2010,1701.0
Pakistan,2011,1676.0
Pakistan,2012,2784.0
Pakistan,2013,2876.0
Pakistan,2014,2411.0
Pakistan,2015,1608.0
Pakistan,2016,1113.0
Pakistan,2017,1076.0
Pakistan,2018,697.0
Pakistan,2019,417.0
Pakistan,2020,322.0
Panama,1972,0.0
Panama,1976,0.0
Panama,1979,1.0
Panama,1980,0.0
Panama,1981,1.0
Panama,1983,0.0
Panama,1984,0.0
Panama,1986,0.0
Panama,1987,1.0
Panama,1988,0.0
Panama,1989,0.0
Panama,1990,2.0
Panama,1991,2.0
Panama,1992,3.0
Panama,1994,21.0
Panama,1995,3.0
Panama,1996,0.0
Panama,1997,3.0
Panama,1999,0.0
Panama,2000,0.0
Panama,2009,1.0
Panama,2016,0.0
Papua New Guinea,1989,13.0
Papua New Guinea,1990,12.0
Papua New Guinea,1991,3.0
Papua New Guinea,1992,7.0
Papua New Guinea,1994,17.0
Papua New Guinea,1995,6.0
Papua New Guinea,1996,21.0
Papua New Guinea,1997,0.0
Papua New Guinea,2002,0.0
Papua New Guinea,2007,0.0
Papua New Guinea,2017,0.0
Paraguay,1970,1.0
Paraguay,1976,1.0
Paraguay,1980,3.0
Paraguay,1984,1.0
Paraguay,1985,0.0
Paraguay,1987,0.0
Paraguay,1992,0.0
Paraguay,1994,1.0
Paraguay,1995,0.0
Paraguay,1997,1.0
Paraguay,1999,2.0
Paraguay,2000,0.0
Paraguay,2010,2.0
Paraguay,2011,0.0
Paraguay,2012,1.0
Paraguay,2013,12.0
Paraguay,2014,6.0
Paraguay,2015,14.0
Paraguay,2016,10.0
Paraguay,2017,4.0
Paraguay,2018,2.0
Paraguay,2020,1.0
People's Republic of the Congo,1972,0.0
People's Republic of the Congo,1977,0.0
People's Republic of the Congo,1982,15.0
Peru,1973,0.0
Peru,1974,0.0
Peru,1975,0.0
Peru,1977,0.0
Peru,1978,0.0
Peru,1979,5.0
Peru,1980,2.0
Peru,1981,10.0
Peru,1982,243.0
Peru,1983,1818.0
Peru,1984,2467.0
Peru,1985,729.0
Peru,1986,513.0
Peru,1987,773.0
Peru,1988,855.0
Peru,1989,1502.0
Peru,1990,1146.0
Peru,1991,1412.0
Peru,1992,818.0
Peru,1994,81.0
Peru,1995,103.0
Peru,1996,74.0
Peru,1997,47.0
Peru,1998,7.0
Peru,1999,28.0
Peru,2000,4.0
Peru,2001,16.0
Peru,2002,9.0
Peru,2003,7.0
Peru,2004,6.0
Peru,2005,7.0
Peru,2006,7.0
Peru,2007,18.0
Peru,2008,0.0
Peru,2009,19.0
Peru,2012,12.0
Peru,2013,6.0
Peru,2014,4.0
Peru,2015,6.0
Peru,2016,11.0
Peru,2017,8.0
Peru,2018,4.0
Peru,2019,1.0
Peru,2020,0.0
Philippines,1970,41.0
Philippines,1971,0.0
Philippines,1972,2.0
Philippines,1974,3.0
Philippines,1975,1.0
Philippines,1976,47.0
Philippines,1977,0.0
Philippines,1978,128.0
Philippines,1979,107.0
Philippines,1980,163.0
Philippines,1981,176.0
Philippines,1982,139.0
Philippines,1983,101.0
Philippines,1984,262.0
Philippines,1985,452.0
Philippines,1986,322.0
Philippines,1987,404.0
Philippines,1988,550.0
Philippines,1989,393.0
Philippines,1990,457.0
Philippines,1991,432.0
Philippines,1992,395.0
Philippines,1994,126.0
Philippines,1995,201.0
Philippines,1996,95.0
Philippines,1997,98.0
Philippines,1998,6.0
Philippines,1999,45.0
Philippines,2000,290.0
Philippines,2001,154.0
Philippines,2002,125.0
Philippines,2003,288.0
Philippines,2004,203.0
Philippines,2005,49.0
Philippines,2006,60.0
Philippines,2007,115.0
Philippines,2008,220.0
Philippines,2009,151.0
Philippines,2010,155.0
Philippines,2011,127.0
Philippines,2012,212.0
Philippines,2013,432.0
Philippines,2014,472.0
Philippines,2015,447.0
Philippines,2016,415.0
Philippines,2017,500.0
Philippines,2018,440.0
Philippines,2019,399.0
Philippines,2020,280.0
Poland,1971,0.0
Poland,1979,0.0
Poland,1981,0.0
Poland,1990,1.0
Poland,1992,4.0
Poland,1994,0.0
Poland,1995,0.0
Poland,1996,1.0
Poland,1997,2.0
Poland,1998,0.0
Poland,2001,0.0
Poland,2010,1.0
Poland,2016,0.0
Poland,2017,0.0
Poland,2018,0.0
Poland,2020,0.0
Portugal,1972,0.0
Portugal,1973,0.0
Portugal,1975,0.0
Portugal,1976,3.0
Portugal,1977,0.0
Portugal,1978,0.0
Portugal,1979,3.0
Portugal,1980,3.0
Portugal,1981,2.0
Portugal,1982,3.0
Portugal,1983,8.0
Portugal,1984,3.0
Portugal,1985,1.0
Portugal,1986,1.0
Portugal,1988,2.0
Portugal,1989,1.0
Portugal,1992,0.0
Portugal,1994,2.0
Portugal,1995,0.0
Portugal,2011,0.0
Portugal,2020,0.0
Qatar,1982,1.0
Qatar,1989,3.0
Qatar,1996,0.0
Qatar,2000,0.0
Qatar,2001,1.0
Qatar,2005,2.0
Qatar,2015,0.0
Republic of the Congo,1990,0.0
Republic of the Congo,1994,12.0
Republic of the Congo,1996,0.0
Republic of the Congo,1997,2.0
Republic of the Congo,1999,107.0
Republic of the Congo,2001,0.0
Republic of the Congo,2002,17.0
Republic of the Congo,2003,11.0
Republic of the Congo,2013,2.0
Republic of the Congo,2016,31.0
Rhodesia,1978,73.0
Rhodesia,1979,120.0
Rhodesia,1980,24.0
Romania,1984,1.0
Romania,1985,2.0
Romania,1991,1.0
Romania,1992,0.0
Romania,1995,0.0
Romania,2008,0.0
Russia,1992,34.0
Russia,1994,34.0
Russia,1995,145.0
Russia,1996,135.0
Russia,1997,61.0
Russia,1998,49.0
Russia,1999,395.0
Russia,2000,362.0
Russia,2001,228.0
Russia,2002,512.0
Russia,2003,328.0
Russia,2004,583.0
Russia,2005,157.0
Russia,2006,57.0
Russia,2007,55.0
Russia,2008,95.0
Russia,2009,141.0
Russia,2010,231.0
Russia,2011,160.0
Russia,2012,161.0
Russia,2013,148.0
Russia,2014,67.0
Russia,2015,21.0
Russia,2016,64.0
Russia,2017,61.0
Russia,2018,23.0
Russia,2019,16.0
Russia,2020,6.0
Rwanda,1991,0.0
Rwanda,1992,141.0
Rwanda,1994,1571.0
Rwanda,1995,201.0
Rwanda,1996,129.0
Rwanda,1997,1027.0
Rwanda,1998,100.0
Rwanda,2000,4.0
Rwanda,2001,2.0
Rwanda,2005,30.0
Rwanda,2008,0.0
Rwanda,2009,4.0
Rwanda,2010,6.0
Rwanda,2011,2.0
Rwanda,2012,10.0
Rwanda,2013,6.0
Rwanda,2014,1.0
Rwanda,2016,0.0
Rwanda,2017,2.0
Rwanda,2018,12.0
Rwanda,2019,22.0
Rwanda,2020,4.0
Saudi Arabia,1977,0.0
Saudi Arabia,1979,5.0
Saudi Arabia,1984,0.0
Saudi Arabia,1985,1.0
Saudi Arabia,1986,62.0
Saudi Arabia,1988,0.0
Saudi Arabia,1989,1.0
Saudi Arabia,1991,0.0
Saudi Arabia,1994,0.0
Saudi Arabia,1995,14.0
Saudi Arabia,1996,19.0
Saudi Arabia,2000,1.0
Saudi Arabia,2001,2.0
Saudi Arabia,2002,1.0
Saudi Arabia,2003,55.0
Saudi Arabia,2004,64.0
Saudi Arabia,2005,1.0
Saudi Arabia,2006,4.0
Saudi Arabia,2007,3.0
Saudi Arabia,2009,5.0
Saudi Arabia,2011,3.0
Saudi Arabia,2012,4.0
Saudi Arabia,2013,1.0
Saudi Arabia,2014,20.0
Saudi Arabia,2015,214.0
Saudi Arabia,2016,165.0
Saudi Arabia,2017,31.0
Saudi Arabia,2018,17.0
Saudi Arabia,2019,10.0
Saudi Arabia,2020,2.0
Senegal,1980,0.0
Senegal,1988,2.0
Senegal,1990,20.0
Senegal,1991,5.0
Senegal,1992,64.0
Senegal,1994,5.0
Senegal,1995,18.0
Senegal,1997,92.0
Senegal,1998,4.0
Senegal,1999,1.0
Senegal,2000,4.0
Senegal,2001,28.0
Senegal,2002,8.0
Senegal,2005,0.0
Senegal,2007,1.0
Senegal,2008,10.0
Senegal,2009,9.0
Senegal,2010,3.0
Senegal,2011,21.0
Senegal,2012,16.0
Senegal,2013,7.0
Senegal,2014,7.0
Senegal,2015,0.0
Senegal,2018,15.0
Senegal,2019,3.0
Serbia,2008,2.0
Serbia,2009,0.0
Serbia,2010,0.0
Serbia,2012,1.0
Serbia,2017,0.0
Serbia,2018,0.0
Serbia-Montenegro,2003,2.0
Serbia-Montenegro,2004,1.0
Serbia-Montenegro,2005,0.0
Serbia-Montenegro,2006,0.0
Seychelles,1981,0.0
Sierra Leone,1991,128.0
Sierra Leone,1992,21.0
Sierra Leone,1994,228.0
Sierra Leone,1995,40.0
Sierra Leone,1996,60.0
Sierra Leone,1997,16.0
Sierra Leone,1998,258.0
Sierra Leone,1999,28.0
Sierra Leone,2000,60.0
Sierra Leone,2016,1.0
Sierra Leone,2017,0.0
Singapore,1974,0.0
Singapore,1985,0.0
Singapore,1987,0.0
Singapore,1991,4.0
Singapore,1992,0.0
Singapore,1994,1.0
Slovak Republic,1994,0.0
Slovak Republic,1995,3.0
Slovak Republic,1996,1.0
Slovak Republic,1997,2.0
Slovak Republic,1998,1.0
Slovak Republic,1999,0.0
Slovak Republic,2000,0.0
Slovak Republic,2016,0.0
Slovak Republic,2018,2.0
Slovenia,1994,1.0
Slovenia,1996,0.0
Slovenia,1997,0.0
Slovenia,2000,0.0
Solomon Islands,1999,2.0
Solomon Islands,2000,0.0
Solomon Islands,2002,1.0
Solomon Islands,2003,1.0
Somalia,1975,0.0
Somalia,1980,1.0
Somalia,1981,0.0
Somalia,1983,0.0
Somalia,1984,0.0
Somalia,1987,0.0
Somalia,1988,0.0
Somalia,1989,30.0
Somalia,1990,5.0
Somalia,1991,6.0
Somalia,1992,8.0
Somalia,1994,78.0
Somalia,1995,29.0
Somalia,1996,28.0
Somalia,1997,145.0
Somalia,1998,0.0
Somalia,1999,9.0
Somalia,2000,36.0
Somalia,2001,3.0
Somalia,2002,6.0
Somalia,2003,7.0
Somalia,2004,2.0
Somalia,2005,20.0
Somalia,2006,22.0
Somalia,2007,408.0
Somalia,2008,436.0
Somalia,2009,381.0
Somalia,2010,295.0
Somalia,2011,344.0
Somalia,2012,783.0
Somalia,2013,660.0
Somalia,2014,1589.0
Somalia,2015,1455.0
Somalia,2016,1583.0
Somalia,2017,1917.0
Somalia,2018,1144.0
Somalia,2019,860.0
Somalia,2020,885.0
South Africa,1974,0.0
South Africa,1976,2.0
South Africa,1977,5.0
South Africa,1978,6.0
South Africa,1979,8.0
South Africa,1980,26.0
South Africa,1981,8.0
South Africa,1982,9.0
South Africa,1983,28.0
South Africa,1984,21.0
South Africa,1985,82.0
South Africa,1986,153.0
South Africa,1987,120.0
South Africa,1988,152.0
South Africa,1989,57.0
South Africa,1990,150.0
South Africa,1991,384.0
South Africa,1992,706.0
South Africa,1994,447.0
South Africa,1995,105.0
South Africa,1996,82.0
South Africa,1997,23.0
South Africa,1998,13.0
South Africa,1999,4.0
South Africa,2000,18.0
South Africa,2002,1.0
South Africa,2007,1.0
South Africa,2008,0.0
South Africa,2012,5.0
South Africa,2013,2.0
South Africa,2014,9.0
South Africa,2015,5.0
South Africa,2016,21.0
South Africa,2017,21.0
South Africa,2018,24.0
South Africa,2019,10.0
South Africa,2020,7.0
South Korea,1974,1.0
South Korea,1982,1.0
South Korea,1983,1.0
South Korea,1986,5.0
South Korea,1988,0.0
South Korea,1989,0.0
South Korea,1990,0.0
South Korea,1991,0.0
South Korea,1992,1.0
South Korea,1994,1.0
South Korea,1995,0.0
South Korea,1996,0.0
South Korea,2001,0.0
South Korea,2003,0.0
South Korea,2006,0.0
South Korea,2015,0.0
South Korea,2016,0.0
South Korea,2018,0.0
South Korea,2019,0.0
South Sudan,2012,68.0
South Sudan,2013,226.0
South Sudan,2014,908.0
South Sudan,2015,218.0
South Sudan,2016,633.0
South Sudan,2017,581.0
South Sudan,2018,97.0
South Sudan,2019,67.0
South Sudan,2020,56.0
South Yemen,1971,0.0
South Yemen,1983,0.0
Soviet Union,1978,4.0
Soviet Union,1989,6.0
Soviet Union,1990,58.0
Soviet Union,1991,28.0
Spain,1970,0.0
Spain,1971,0.0
Spain,1972,2.0
Spain,1973,6.0
Spain,1974,19.0
Spain,1975,31.0
Spain,1976,17.0
Spain,1977,44.0
Spain,1978,84.0
Spain,1979,112.0
Spain,1980,116.0
Spain,1981,39.0
Spain,1982,42.0
Spain,1983,42.0
Spain,1984,51.0
Spain,1985,67.0
Spain,1986,57.0
Spain,1987,68.0
Spain,1988,25.0
Spain,1989,29.0
Spain,1990,32.0
Spain,1991,46.0
Spain,1992,29.0
Spain,1994,17.0
Spain,1995,18.0
Spain,1996,5.0
Spain,1997,11.0
Spain,1998,6.0
Spain,1999,0.0
Spain,2000,29.0
Spain,2001,14.0
Spain,2002,5.0
Spain,2003,3.0
Spain,2004,193.0
Spain,2005,0.0
Spain,2006,2.0
Spain,2007,0.0
Spain,2008,3.0
Spain,2009,3.0
Spain,2010,0.0
Spain,2012,0.0
Spain,2013,0.0
Spain,2014,0.0
Spain,2015,0.0
Spain,2016,0.0
Spain,2017,21.0
Spain,2018,1.0
Spain,2019,0.0
Sri Lanka,1975,1.0
Sri Lanka,1979,2.0
Sri Lanka,1981,3.0
Sri Lanka,1982,7.0
Sri Lanka,1983,6.0
Sri Lanka,1984,485.0
Sri Lanka,1985,611.0
Sri Lanka,1986,690.0
Sri Lanka,1987,1274.0
Sri Lanka,1988,885.0
Sri Lanka,1989,1822.0
Sri Lanka,1990,1393.0
Sri Lanka,1991,1034.0
Sri Lanka,1992,984.0
Sri Lanka,1994,186.0
Sri Lanka,1995,1020.0
Sri Lanka,1996,827.0
Sri Lanka,1997,468.0
Sri Lanka,1998,680.0
Sri Lanka,1999,212.0
Sri Lanka,2000,432.0
Sri Lanka,2001,195.0
Sri Lanka,2002,3.0
Sri Lanka,2003,23.0
Sri Lanka,2004,30.0
Sri Lanka,2005,125.0
Sri Lanka,2006,948.0
Sri Lanka,2007,410.0
Sri Lanka,2008,353.0
Sri Lanka,2009,201.0
Sri Lanka,2010,2.0
Sri Lanka,2012,0.0
Sri Lanka,2013,0.0
Sri Lanka,2014,3.0
Sri Lanka,2015,3.0
Sri Lanka,2016,0.0
Sri Lanka,2017,1.0
Sri Lanka,2018,3.0
Sri Lanka,2019,266.0
Sri Lanka,2020,0.0
St. Kitts and Nevis,1995,0.0
St. Lucia,2000,2.0
St. Lucia,2020,0.0
Sudan,1973,3.0
Sudan,1981,2.0
Sudan,1982,0.0
Sudan,1983,0.0
Sudan,1984,305.0
Sudan,1986,8.0
Sudan,1987,0.0
Sudan,1988,58.0
Sudan,1989,14.0
Sudan,1990,0.0
Sudan,1991,32.0
Sudan,1992,13.0
Sudan,1994,17.0
Sudan,1995,6.0
Sudan,1996,40.0
Sudan,1997,1.0
Sudan,1999,16.0
Sudan,2000,27.0
Sudan,2001,13.0
Sudan,2002,589.0
Sudan,2004,28.0
Sudan,2005,54.0
Sudan,2006,484.0
Sudan,2007,317.0
Sudan,2008,205.0
Sudan,2009,77.0
Sudan,2010,81.0
Sudan,2011,193.0
Sudan,2012,60.0
Sudan,2013,220.0
Sudan,2014,546.0
Sudan,2015,210.0
Sudan,2016,182.0
Sudan,2017,82.0
Sudan,2018,42.0
Sudan,2019,59.0
Sudan,2020,160.0
Suriname,1982,0.0
Suriname,1983,0.0
Suriname,1984,0.0
Suriname,1986,2.0
Suriname,1987,6.0
Suriname,1988,6.0
Suriname,1989,14.0
Suriname,1990,0.0
Suriname,1991,1.0
Suriname,1992,0.0
Suriname,1994,0.0
Suriname,1997,0.0
Swaziland,1982,0.0
Swaziland,1984,1.0
Swaziland,1986,0.0
Swaziland,1987,4.0
Swaziland,1989,0.0
Swaziland,1991,0.0
Swaziland,1992,0.0
Swaziland,1995,0.0
Swaziland,1997,0.0
Swaziland,1998,1.0
Swaziland,1999,0.0
Swaziland,2003,0.0
Swaziland,2006,0.0
Swaziland,2008,0.0
Sweden,1971,1.0
Sweden,1972,0.0
Sweden,1975,3.0
Sweden,1978,0.0
Sweden,1979,1.0
Sweden,1983,1.0
Sweden,1986,1.0
Sweden,1989,0.0
Sweden,1990,1.0
Sweden,1991,1.0
Sweden,1992,2.0
Sweden,1994,0.0
Sweden,1995,0.0
Sweden,1996,0.0
Sweden,1997,1.0
Sweden,1999,0.0
Sweden,2000,0.0
Sweden,2005,0.0
Sweden,2006,0.0
Sweden,2008,0.0
Sweden,2009,0.0
Sweden,2010,1.0
Sweden,2011,0.0
Sweden,2012,0.0
Sweden,2014,0.0
Sweden,2015,4.0
Sweden,2016,0.0
Sweden,2017,5.0
Sweden,2018,0.0
Sweden,2019,0.0
Sweden,2020,0.0
Switzerland,1970,47.0
Switzerland,1971,0.0
Switzerland,1972,0.0
Switzerland,1973,0.0
Switzerland,1974,0.0
Switzerland,1975,0.0
Switzerland,1976,0.0
Switzerland,1977,0.0
Switzerland,1978,0.0
Switzerland,1979,1.0
Switzerland,1980,0.0
Switzerland,1981,2.0
Switzerland,1982,0.0
Switzerland,1983,0.0
Switzerland,1984,0.0
Switzerland,1985,0.0
Switzerland,1987,1.0
Switzerland,1988,0.0
Switzerland,1990,1.0
Switzerland,1991,0.0
Switzerland,1992,6.0
Switzerland,1995,1.0
Switzerland,1996,1.0
Switzerland,1997,0.0
Switzerland,1998,0.0
Switzerland,1999,0.0
Switzerland,2000,0.0
Switzerland,2001,14.0
Switzerland,2003,0.0
Switzerland,2007,0.0
Switzerland,2011,0.0
Switzerland,2013,0.0
Switzerland,2016,0.0
Switzerland,2018,0.0
Switzerland,2019,0.0
Switzerland,2020,1.0
Syria,1974,1.0
Syria,1975,0.0
Syria,1976,5.0
Syria,1977,1.0
Syria,1978,0.0
Syria,1979,80.0
Syria,1980,89.0
Syria,1981,192.0
Syria,1982,98.0
Syria,1983,1.0
Syria,1984,0.0
Syria,1985,30.0
Syria,1986,8.0
Syria,1989,0.0
Syria,1996,15.0
Syria,1997,2.0
Syria,1998,0.0
Syria,2004,4.0
Syria,2006,5.0
Syria,2008,18.0
Syria,2011,163.0
Syria,2012,877.0
Syria,2013,1570.0
Syria,2014,3312.0
Syria,2015,3924.0
Syria,2016,2811.0
Syria,2017,2031.0
Syria,2018,1547.0
Syria,2019,1103.0
Syria,2020,973.0
Taiwan,1971,25.0
Taiwan,1976,0.0
Taiwan,1990,0.0
Taiwan,1991,7.0
Taiwan,1992,16.0
Taiwan,1994,1.0
Taiwan,1995,0.0
Taiwan,1996,9.0
Taiwan,1997,0.0
Taiwan,2001,2.0
Taiwan,2004,0.0
Taiwan,2008,0.0
Taiwan,2013,0.0
Taiwan,2014,0.0
Taiwan,2016,0.0
Taiwan,2017,0.0
Taiwan,2018,0.0
Taiwan,2019,0.0
Tajikistan,1992,14.0
Tajikistan,1994,48.0
Tajikistan,1995,78.0
Tajikistan,1996,50.0
Tajikistan,1997,43.0
Tajikistan,1998,29.0
Tajikistan,1999,2.0
Tajikistan,2000,11.0
Tajikistan,2001,8.0
Tajikistan,2005,0.0
Tajikistan,2007,1.0
Tajikistan,2009,0.0
Tajikistan,2010,4.0
Tajikistan,2012,3.0
Tajikistan,2014,1.0
Tajikistan,2015,12.0
Tajikistan,2016,2.0
Tajikistan,2017,1.0
Tajikistan,2018,33.0
Tajikistan,2019,49.0
Tanzania,1975,0.0
Tanzania,1979,1.0
Tanzania,1982,0.0
Tanzania,1994,1.0
Tanzania,1995,0.0
Tanzania,1997,1.0
Tanzania,1998,11.0
Tanzania,2000,0.0
Tanzania,2001,2.0
Tanzania,2002,24.0
Tanzania,2004,0.0
Tanzania,2008,0.0
Tanzania,2010,0.0
Tanzania,2013,8.0
Tanzania,2014,4.0
Tanzania,2015,10.0
Tanzania,2016,3.0
Tanzania,2017,8.0
Tanzania,2018,9.0
Tanzania,2019,6.0
Tanzania,2020,24.0
Thailand,1972,0.0
Thailand,1974,2.0
Thailand,1977,1.0
Thailand,1978,29.0
Thailand,1979,62.0
Thailand,1980,75.0
Thailand,1981,21.0
Thailand,1982,1.0
Thailand,1983,0.0
Thailand,1984,0.0
Thailand,1985,0.0
Thailand,1986,0.0
Thailand,1988,10.0
Thailand,1989,35.0
Thailand,1990,22.0
Thailand,1991,11.0
Thailand,1992,39.0
Thailand,1994,17.0
Thailand,1995,19.0
Thailand,1996,10.0
Thailand,1997,18.0
Thailand,1998,4.0
Thailand,1999,0.0
Thailand,2000,7.0
Thailand,2001,11.0
Thailand,2002,16.0
Thailand,2003,6.0
Thailand,2004,32.0
Thailand,2005,130.0
Thailand,2006,194.0
Thailand,2007,264.0
Thailand,2008,166.0
Thailand,2009,270.0
Thailand,2010,154.0
Thailand,2011,152.0
Thailand,2012,209.0
Thailand,2013,255.0
Thailand,2014,192.0
Thailand,2015,116.0
Thailand,2016,120.0
Thailand,2017,72.0
Thailand,2018,69.0
Thailand,2019,72.0
Thailand,2020,18.0
Togo,1985,1.0
Togo,1991,13.0
Togo,1992,12.0
Togo,1994,47.0
Togo,1995,0.0
Togo,1996,3.0
Togo,2005,0.0
Trinidad and Tobago,1976,0.0
Trinidad and Tobago,1979,0.0
Trinidad and Tobago,1981,0.0
Trinidad and Tobago,1983,0.0
Trinidad and Tobago,1989,0.0
Trinidad and Tobago,1991,0.0
Trinidad and Tobago,1992,0.0
Trinidad and Tobago,1994,2.0
Trinidad and Tobago,1995,4.0
Trinidad and Tobago,1996,0.0
Trinidad and Tobago,2005,0.0
Trinidad and Tobago,2010,0.0
Trinidad and Tobago,2013,0.0
Trinidad and Tobago,2015,0.0
Trinidad and Tobago,2018,0.0
Trinidad and Tobago,2019,0.0
Trinidad and Tobago,2020,0.0
Tunisia,1979,0.0
Tunisia,1980,41.0
Tunisia,1986,0.0
Tunisia,1987,0.0
Tunisia,1991,4.0
Tunisia,1994,1.0
Tunisia,1995,7.0
Tunisia,2000,5.0
Tunisia,2001,3.0
Tunisia,2002,21.0
Tunisia,2007,14.0
Tunisia,2008,0.0
Tunisia,2011,4.0
Tunisia,2012,4.0
Tunisia,2013,25.0
Tunisia,2014,43.0
Tunisia,2015,107.0
Tunisia,2016,71.0
Tunisia,2017,5.0
Tunisia,2018,16.0
Tunisia,2019,9.0
Tunisia,2020,5.0
Turkey,1970,0.0
Turkey,1971,1.0
Turkey,1972,3.0
Turkey,1974,0.0
Turkey,1975,0.0
Turkey,1976,7.0
Turkey,1977,29.0
Turkey,1978,40.0
Turkey,1979,123.0
Turkey,1980,111.0
Turkey,1981,11.0
Turkey,1982,9.0
Turkey,1983,2.0
Turkey,1984,27.0
Turkey,1985,1.0
Turkey,1986,26.0
Turkey,1987,187.0
Turkey,1988,102.0
Turkey,1989,232.0
Turkey,1990,512.0
Turkey,1991,308.0
Turkey,1992,1233.0
Turkey,1994,982.0
Turkey,1995,189.0
Turkey,1996,117.0
Turkey,1997,60.0
Turkey,1998,37.0
Turkey,1999,127.0
Turkey,2000,12.0
Turkey,2001,17.0
Turkey,2002,0.0
Turkey,2003,67.0
Turkey,2004,25.0
Turkey,2005,35.0
Turkey,2006,46.0
Turkey,2007,26.0
Turkey,2008,42.0
Turkey,2009,18.0
Turkey,2010,13.0
Turkey,2011,25.0
Turkey,2012,251.0
Turkey,2013,83.0
Turkey,2014,40.0
Turkey,2015,490.0
Turkey,2016,1008.0
Turkey,2017,222.0
Turkey,2018,94.0
Turkey,2019,99.0
Turkey,2020,34.0
Turkmenistan,2002,0.0
Turkmenistan,2014,3.0
Uganda,1979,13.0
Uganda,1981,57.0
Uganda,1982,0.0
Uganda,1983,121.0
Uganda,1984,235.0
Uganda,1985,32.0
Uganda,1986,1.0
Uganda,1987,1.0
Uganda,1988,160.0
Uganda,1989,72.0
Uganda,1990,84.0
Uganda,1991,2.0
Uganda,1992,2.0
Uganda,1994,22.0
Uganda,1995,145.0
Uganda,1996,413.0
Uganda,1997,239.0
Uganda,1998,81.0
Uganda,1999,75.0
Uganda,2000,297.0
Uganda,2001,56.0
Uganda,2002,173.0
Uganda,2003,231.0
Uganda,2004,193.0
Uganda,2005,80.0
Uganda,2007,2.0
Uganda,2008,3.0
Uganda,2009,11.0
Uganda,2010,75.0
Uganda,2012,5.0
Uganda,2014,98.0
Uganda,2015,4.0
Uganda,2016,75.0
Uganda,2017,7.0
Uganda,2018,17.0
Uganda,2019,2.0
Uganda,2020,20.0
Ukraine,1991,0.0
Ukraine,1992,1.0
Ukraine,1994,4.0
Ukraine,1995,0.0
Ukraine,1996,0.0
Ukraine,1997,2.0
Ukraine,1999,1.0
Ukraine,2000,0.0
Ukraine,2002,1.0
Ukraine,2003,0.0
Ukraine,2007,0.0
Ukraine,2008,0.0
Ukraine,2009,0.0
Ukraine,2010,1.0
Ukraine,2011,0.0
Ukraine,2012,1.0
Ukraine,2013,1.0
Ukraine,2014,1397.0
Ukraine,2015,766.0
Ukraine,2016,48.0
Ukraine,2017,40.0
Ukraine,2018,14.0
Ukraine,2019,18.0
Ukraine,2020,8.0
United Arab Emirates,1974,1.0
United Arab Emirates,1977,1.0
United Arab Emirates,1978,5.0
United Arab Emirates,1979,0.0
United Arab Emirates,1980,1.0
United Arab Emirates,1981,2.0
United Arab Emirates,1983,111.0
United Arab Emirates,1985,0.0
United Arab Emirates,1986,0.0
United Arab Emirates,1989,1.0
United Arab Emirates,1992,0.0
United Arab Emirates,1995,0.0
United Arab Emirates,2010,0.0
United Arab Emirates,2013,0.0
United Arab Emirates,2014,1.0
United Kingdom,1970,20.0
United Kingdom,1971,110.0
United Kingdom,1972,368.0
United Kingdom,1973,210.0
United Kingdom,1974,235.0
United Kingdom,1975,245.0
United Kingdom,1976,264.0
United Kingdom,1977,103.0
United Kingdom,1978,81.0
United Kingdom,1979,133.0
United Kingdom,1980,78.0
United Kingdom,1981,86.0
United Kingdom,1982,95.0
United Kingdom,1983,77.0
United Kingdom,1984,69.0
United Kingdom,1985,64.0
United Kingdom,1986,63.0
United Kingdom,1987,104.0
United Kingdom,1988,370.0
United Kingdom,1989,66.0
United Kingdom,1990,76.0
United Kingdom,1991,88.0
United Kingdom,1992,97.0
United Kingdom,1994,66.0
United Kingdom,1995,11.0
United Kingdom,1996,14.0
United Kingdom,1997,23.0
United Kingdom,1998,46.0
United Kingdom,1999,8.0
United Kingdom,2000,7.0
United Kingdom,2001,8.0
United Kingdom,2002,2.0
United Kingdom,2003,2.0
United Kingdom,2004,0.0
United Kingdom,2005,57.0
United Kingdom,2006,0.0
United Kingdom,2007,4.0
United Kingdom,2008,0.0
United Kingdom,2009,3.0
United Kingdom,2010,0.0
United Kingdom,2011,1.0
United Kingdom,2012,2.0
United Kingdom,2013,4.0
United Kingdom,2014,1.0
United Kingdom,2015,1.0
United Kingdom,2016,9.0
United Kingdom,2017,42.0
United Kingdom,2018,2.0
United Kingdom,2019,5.0
United Kingdom,2020,6.0
United States,1970,33.0
United States,1971,20.0
United States,1972,10.0
United States,1973,45.0
United States,1974,16.0
United States,1975,24.0
United States,1976,4.0
United States,1977,5.0
United States,1978,8.0
United States,1979,18.0
United States,1980,15.0
United States,1981,8.0
United States,1982,10.0
United States,1983,8.0
United States,1984,3.0
United States,1985,3.0
United States,1986,1.0
United States,1987,1.0
United States,1988,1.0
United States,1989,3.0
United States,1990,5.0
United States,1991,26.0
United States,1992,2.0
United States,1994,10.0
United States,1995,178.0
United States,1996,2.0
United States,1997,2.0
United States,1998,4.0
United States,1999,20.0
United States,2000,8.0
United States,2001,3014.0
United States,2002,4.0
United States,2003,0.0
United States,2004,0.0
United States,2005,0.0
United States,2006,1.0
United States,2007,0.0
United States,2008,2.0
United States,2009,22.0
United States,2010,4.0
United States,2011,0.0
United States,2012,7.0
United States,2013,23.0
United States,2014,26.0
United States,2015,54.0
United States,2016,68.0
United States,2017,98.0
United States,2018,45.0
United States,2019,53.0
United States,2020,12.0
Uruguay,1970,3.0
Uruguay,1971,1.0
Uruguay,1972,0.0
Uruguay,1984,0.0
Uruguay,1985,0.0
Uruguay,1986,0.0
Uruguay,1989,1.0
Uruguay,1990,0.0
Uruguay,1991,0.0
Uruguay,1992,0.0
Uruguay,1994,0.0
Uruguay,1995,0.0
Uruguay,1996,0.0
Uruguay,1997,0.0
Uruguay,2005,0.0
Uruguay,2016,1.0
Uzbekistan,1992,0.0
Uzbekistan,1995,0.0
Uzbekistan,1999,19.0
Uzbekistan,2004,36.0
Uzbekistan,2005,10.0
Uzbekistan,2009,3.0
Uzbekistan,2015,0.0
Vanuatu,1996,0.0
Vatican City,1981,0.0
Venezuela,1970,0.0
Venezuela,1971,0.0
Venezuela,1972,0.0
Venezuela,1973,0.0
Venezuela,1974,0.0
Venezuela,1975,0.0
Venezuela,1976,0.0
Venezuela,1977,1.0
Venezuela,1978,1.0
Venezuela,1979,0.0
Venezuela,1980,3.0
Venezuela,1981,2.0
Venezuela,1982,30.0
Venezuela,1983,7.0
Venezuela,1984,2.0
Venezuela,1985,0.0
Venezuela,1986,13.0
Venezuela,1987,3.0
Venezuela,1988,41.0
Venezuela,1989,14.0
Venezuela,1990,0.0
Venezuela,1991,47.0
Venezuela,1992,7.0
Venezuela,1994,4.0
Venezuela,1995,8.0
Venezuela,1996,13.0
Venezuela,1997,3.0
Venezuela,1998,0.0
Venezuela,1999,0.0
Venezuela,2001,0.0
Venezuela,2002,0.0
Venezuela,2003,0.0
Venezuela,2007,1.0
Venezuela,2008,1.0
Venezuela,2009,10.0
Venezuela,2012,0.0
Venezuela,2013,0.0
Venezuela,2014,1.0
Venezuela,2015,1.0
Venezuela,2016,9.0
Venezuela,2017,5.0
Venezuela,2018,32.0
Venezuela,2019,2.0
Venezuela,2020,14.0
Vietnam,1992,0.0
Vietnam,1994,0.0
Vietnam,1995,0.0
Vietnam,1996,0.0
Vietnam,1997,1.0
Vietnam,2001,0.0
Vietnam,2017,0.0
Vietnam,2018,0.0
Wallis and Futuna,1994,0.0
West Bank and Gaza Strip,1972,1.0
West Bank and Gaza Strip,1976,2.0
West Bank and Gaza Strip,1978,6.0
West Bank and Gaza Strip,1979,3.0
West Bank and Gaza Strip,1980,31.0
West Bank and Gaza Strip,1981,6.0
West Bank and Gaza Strip,1982,10.0
West Bank and Gaza Strip,1983,9.0
West Bank and Gaza Strip,1984,5.0
West Bank and Gaza Strip,1985,0.0
West Bank and Gaza Strip,1986,4.0
West Bank and Gaza Strip,1987,3.0
West Bank and Gaza Strip,1988,11.0
West Bank and Gaza Strip,1989,79.0
West Bank and Gaza Strip,1990,74.0
West Bank and Gaza Strip,1991,50.0
West Bank and Gaza Strip,1992,103.0
West Bank and Gaza Strip,1994,135.0
West Bank and Gaza Strip,1995,44.0
West Bank and Gaza Strip,1996,20.0
West Bank and Gaza Strip,1997,9.0
West Bank and Gaza Strip,1998,14.0
West Bank and Gaza Strip,1999,1.0
West Bank and Gaza Strip,2000,21.0
West Bank and Gaza Strip,2001,103.0
West Bank and Gaza Strip,2002,180.0
West Bank and Gaza Strip,2003,66.0
West Bank and Gaza Strip,2004,33.0
West Bank and Gaza Strip,2005,24.0
West Bank and Gaza Strip,2006,21.0
West Bank and Gaza Strip,2007,119.0
West Bank and Gaza Strip,2008,20.0
West Bank and Gaza Strip,2009,7.0
West Bank and Gaza Strip,2010,0.0
West Bank and Gaza Strip,2011,15.0
West Bank and Gaza Strip,2012,12.0
West Bank and Gaza Strip,2013,12.0
West Bank and Gaza Strip,2014,67.0
West Bank and Gaza Strip,2015,117.0
West Bank and Gaza Strip,2016,90.0
West Bank and Gaza Strip,2017,50.0
West Bank and Gaza Strip,2018,44.0
West Bank and Gaza Strip,2019,27.0
West Bank and Gaza Strip,2020,15.0
West Germany (FRG),1970,8.0
West Germany (FRG),1971,0.0
West Germany (FRG),1972,23.0
West Germany (FRG),1973,1.0
West Germany (FRG),1974,1.0
West Germany (FRG),1975,1.0
West Germany (FRG),1976,4.0
West Germany (FRG),1977,6.0
West Germany (FRG),1978,0.0
West Germany (FRG),1979,0.0
West Germany (FRG),1980,17.0
West Germany (FRG),1981,2.0
West Germany (FRG),1982,5.0
West Germany (FRG),1983,2.0
West Germany (FRG),1984,0.0
West Germany (FRG),1985,9.0
West Germany (FRG),1986,9.0
West Germany (FRG),1987,2.0
West Germany (FRG),1988,1.0
West Germany (FRG),1989,5.0
West Germany (FRG),1990,1.0
Western Sahara,1978,0.0
Western Sahara,1984,0.0
Western Sahara,1986,1.0
Western Sahara,1992,0.0
Western Sahara,2007,0.0
Western Sahara,2018,0.0
Yemen,1991,1.0
Yemen,1992,20.0
Yemen,1994,14.0
Yemen,1995,4.0
Yemen,1996,3.0
Yemen,1997,11.0
Yemen,1998,8.0
Yemen,1999,11.0
Yemen,2000,19.0
Yemen,2001,2.0
Yemen,2002,4.0
Yemen,2003,16.0
Yemen,2005,12.0
Yemen,2006,14.0
Yemen,2007,24.0
Yemen,2008,74.0
Yemen,2009,47.0
Yemen,2010,345.0
Yemen,2011,461.0
Yemen,2012,1057.0
Yemen,2013,627.0
Yemen,2014,1384.0
Yemen,2015,2506.0
Yemen,2016,1867.0
Yemen,2017,1014.0
Yemen,2018,1124.0
Yemen,2019,1270.0
Yemen,2020,903.0
Yugoslavia,1973,1.0
Yugoslavia,1974,0.0
Yugoslavia,1977,1.0
Yugoslavia,1980,0.0
Yugoslavia,1981,0.0
Yugoslavia,1983,2.0
Yugoslavia,1984,2.0
Yugoslavia,1989,0.0
Yugoslavia,1990,0.0
Yugoslavia,1991,6.0
Yugoslavia,1992,3.0
Yugoslavia,1994,0.0
Yugoslavia,1995,2.0
Yugoslavia,1996,9.0
Yugoslavia,1997,9.0
Yugoslavia,1998,57.0
Yugoslavia,1999,14.0
Yugoslavia,2000,5.0
Yugoslavia,2001,8.0
Yugoslavia,2002,0.0
Zaire,1972,0.0
Zaire,1973,0.0
Zaire,1977,1.0
Zaire,1984,2.0
Zaire,1988,28.0
Zaire,1991,3.0
Zaire,1992,10.0
Zaire,1994,1.0
Zaire,1995,43.0
Zaire,1996,223.0
Zaire,1997,13.0
Zambia,1971,1.0
Zambia,1973,2.0
Zambia,1975,1.0
Zambia,1977,1.0
Zambia,1978,0.0
Zambia,1979,0.0
Zambia,1981,0.0
Zambia,1985,0.0
Zambia,1986,2.0
Zambia,1987,0.0
Zambia,1988,9.0
Zambia,1989,33.0
Zambia,1990,20.0
Zambia,1995,0.0
Zambia,1996,0.0
Zambia,1999,1.0
Zambia,2000,0.0
Zambia,2002,0.0
Zambia,2017,0.0
Zimbabwe,1980,13.0
Zimbabwe,1981,13.0
Zimbabwe,1982,22.0
Zimbabwe,1983,11.0
Zimbabwe,1984,4.0
Zimbabwe,1985,5.0
Zimbabwe,1986,1.0
Zimbabwe,1987,35.0
Zimbabwe,1988,2.0
Zimbabwe,1989,21.0
Zimbabwe,1990,9.0
Zimbabwe,1991,0.0
Zimbabwe,1992,0.0
Zimbabwe,1994,0.0
Zimbabwe,1995,0.0
Zimbabwe,2000,0.0
Zimbabwe,2001,1.0
Zimbabwe,2002,8.0
Zimbabwe,2003,0.0
Zimbabwe,2006,0.0
Zimbabwe,2007,0.0
Zimbabwe,2008,7.0
Zimbabwe,2010,1.0
Zimbabwe,2011,0.0
Zimbabwe,2013,1.0
Zimbabwe,2014,0.0
Zimbabwe,2017,0.0
Zimbabwe,2018,2.0
Zimbabwe,2019,0.0
Zimbabwe,2020,1.0
